Rel. Cm-1,Intensity (A.U.)
0.00000E+00,7.43392E-02
1.93425E+00,3.08062E-02
3.86804E+00,5.74342E-03
5.80134E+00,-5.31988E-05
7.73418E+00,-3.45587E-03
9.66654E+00,2.10749E-04
1.15984E+01,-5.56541E-04
1.35298E+01,-1.87014E-03
1.54608E+01,-9.20748E-04
1.73913E+01,2.33665E-03
1.93213E+01,-2.15455E-03
2.12508E+01,-4.74697E-04
2.31798E+01,2.39190E-03
2.51084E+01,3.77507E-03
2.70365E+01,8.73688E-04
2.89642E+01,-1.46706E-03
3.08914E+01,1.63689E-04
3.28181E+01,1.34020E-03
3.47443E+01,-1.45274E-04
3.66700E+01,-6.33065E-03
3.85953E+01,2.90752E-03
4.05201E+01,7.75884E-03
4.24445E+01,8.24581E-04
4.43684E+01,-3.12850E-03
4.62918E+01,-1.54481E-03
4.82147E+01,-6.67849E-03
5.01372E+01,-1.13232E-02
5.20592E+01,-1.17979E-02
5.39807E+01,-2.17010E-02
5.59018E+01,-3.61977E-02
5.78224E+01,-5.33338E-02
5.97425E+01,-7.61500E-02
6.16622E+01,-9.97805E-02
6.35814E+01,-1.18727E-01
6.55001E+01,-1.41810E-01
6.74183E+01,-1.61712E-01
6.93361E+01,-1.56938E-01
7.12534E+01,-1.36786E-01
7.31703E+01,-8.37635E-02
7.50867E+01,-2.41686E-02
7.70026E+01,7.21580E-02
7.89180E+01,1.15464E-01
8.08330E+01,1.27718E-01
8.27475E+01,1.50847E-01
8.46616E+01,1.39596E-01
8.65752E+01,8.72828E-02
8.84883E+01,4.84150E-02
9.04010E+01,4.99537E-02
9.23131E+01,3.21423E-02
9.42249E+01,2.77166E-02
9.61361E+01,3.96351E-02
9.80469E+01,4.35166E-02
9.99572E+01,4.52619E-02
1.01867E+02,2.93494E-02
1.03777E+02,4.40486E-02
1.05685E+02,1.39278E-02
1.07594E+02,3.29198E-02
1.09502E+02,1.94851E-02
1.11409E+02,1.55197E-02
1.13317E+02,1.67944E-02
1.15223E+02,3.95717E-03
1.17129E+02,-1.59596E-02
1.19035E+02,-1.25795E-02
1.20940E+02,-1.70277E-02
1.22845E+02,-2.46842E-02
1.24749E+02,-1.74390E-02
1.26653E+02,6.37158E-03
1.28557E+02,4.67126E-03
1.30459E+02,1.36885E-03
1.32362E+02,6.89538E-04
1.34264E+02,2.64787E-02
1.36165E+02,3.78530E-02
1.38066E+02,2.80092E-02
1.39967E+02,3.18374E-02
1.41867E+02,2.07639E-02
1.43767E+02,1.19104E-02
1.45666E+02,2.54147E-02
1.47565E+02,3.43582E-02
1.49463E+02,3.46058E-02
1.51361E+02,2.05347E-02
1.53258E+02,2.68674E-02
1.55155E+02,2.51098E-02
1.57052E+02,2.31087E-02
1.58948E+02,2.02544E-02
1.60843E+02,6.43705E-03
1.62738E+02,2.27916E-02
1.64633E+02,2.00478E-02
1.66527E+02,1.77541E-02
1.68421E+02,-4.98636E-03
1.70314E+02,-6.24676E-03
1.72207E+02,-2.30371E-02
1.74099E+02,-1.39299E-02
1.75991E+02,-3.17147E-03
1.77883E+02,-4.19861E-03
1.79773E+02,9.59624E-04
1.81664E+02,-1.09058E-02
1.83554E+02,-8.65503E-04
1.85444E+02,9.47143E-03
1.87333E+02,3.19070E-02
1.89221E+02,4.68558E-02
1.91110E+02,3.48861E-02
1.92997E+02,1.82574E-02
1.94885E+02,2.20714E-02
1.96772E+02,3.96433E-02
1.98658E+02,2.50566E-02
2.00544E+02,3.42211E-02
2.02429E+02,4.78462E-02
2.04314E+02,1.63320E-02
2.06199E+02,-2.33338E-02
2.08083E+02,8.61002E-03
2.09967E+02,-5.55723E-03
2.11850E+02,-7.13887E-03
2.13733E+02,-9.77016E-03
2.15615E+02,-1.23114E-02
2.17497E+02,-7.70768E-03
2.19378E+02,-1.04065E-02
2.21259E+02,-9.25863E-03
2.23140E+02,-7.66472E-03
2.25020E+02,-1.56629E-02
2.26899E+02,-4.69582E-03
2.28778E+02,2.55395E-02
2.30657E+02,2.53308E-02
2.32535E+02,2.15005E-02
2.34413E+02,1.99332E-02
2.36290E+02,1.79812E-02
2.38167E+02,1.67863E-02
2.40043E+02,7.37008E-03
2.41919E+02,1.22357E-03
2.43795E+02,8.74097E-03
2.45670E+02,5.37144E-02
2.47544E+02,3.39060E-02
2.49419E+02,3.43746E-02
2.51292E+02,2.70905E-02
2.53165E+02,1.40956E-02
2.55038E+02,1.71853E-02
2.56911E+02,1.34000E-02
2.58782E+02,2.40008E-03
2.60654E+02,-7.76907E-03
2.62525E+02,-6.31838E-03
2.64395E+02,-1.13559E-03
2.66265E+02,-5.45697E-03
2.68135E+02,-1.76968E-02
2.70004E+02,-6.64985E-04
2.71873E+02,-7.06725E-03
2.73741E+02,-4.33775E-04
2.75609E+02,-2.76838E-03
2.77476E+02,-1.13907E-02
2.79343E+02,-1.83740E-02
2.81210E+02,-6.34907E-03
2.83076E+02,-2.04611E-04
2.84941E+02,-6.80535E-03
2.86807E+02,1.50082E-02
2.88671E+02,1.11370E-02
2.90536E+02,9.30569E-03
2.92399E+02,1.41979E-02
2.94263E+02,6.62529E-03
2.96126E+02,3.45015E-02
2.97988E+02,1.39729E-02
2.99850E+02,3.50682E-02
3.01712E+02,1.74451E-02
3.03573E+02,2.24826E-02
3.05433E+02,2.32213E-02
3.07293E+02,1.21457E-02
3.09153E+02,1.08034E-03
3.11013E+02,1.52824E-02
3.12871E+02,7.85091E-03
3.14730E+02,-9.86224E-03
3.16588E+02,2.43282E-03
3.18445E+02,8.22330E-03
3.20302E+02,1.79034E-03
3.22159E+02,-1.55034E-02
3.24015E+02,-9.27705E-03
3.25871E+02,-1.79771E-02
3.27726E+02,-1.04495E-02
3.29581E+02,-1.04945E-02
3.31436E+02,1.99639E-02
3.33290E+02,-1.14684E-02
3.35143E+02,7.23094E-03
3.36996E+02,1.19227E-02
3.38849E+02,-1.29437E-02
3.40701E+02,-2.18176E-02
3.42553E+02,6.08308E-03
3.44404E+02,1.32179E-02
3.46255E+02,-8.98036E-03
3.48105E+02,-5.01910E-03
3.49955E+02,1.46338E-02
3.51805E+02,2.35630E-02
3.53654E+02,2.54740E-02
3.55503E+02,1.63566E-02
3.57351E+02,-6.07694E-04
3.59199E+02,-1.14214E-02
3.61046E+02,2.85023E-03
3.62893E+02,1.27206E-02
3.64739E+02,1.00259E-04
3.66585E+02,2.16499E-02
3.68431E+02,-2.22821E-03
3.70276E+02,-1.45294E-02
3.72121E+02,1.54870E-02
3.73965E+02,-7.30869E-03
3.75809E+02,5.50812E-03
3.77652E+02,-8.08008E-03
3.79495E+02,-9.29751E-03
3.81337E+02,4.64466E-04
3.83179E+02,7.05293E-03
3.85021E+02,-1.93152E-03
3.86862E+02,-7.38849E-03
3.88703E+02,-3.64616E-03
3.90543E+02,-1.20925E-02
3.92383E+02,-4.70195E-03
3.94222E+02,-5.90302E-03
3.96061E+02,-1.25385E-02
3.97900E+02,7.99619E-03
3.99738E+02,1.02796E-02
4.01576E+02,-2.31619E-03
4.03413E+02,-2.65994E-03
4.05250E+02,5.65749E-03
4.07086E+02,3.00573E-03
4.08922E+02,-8.09645E-03
4.10757E+02,7.49080E-03
4.12592E+02,-3.72187E-03
4.14427E+02,-4.06971E-03
4.16261E+02,-4.54645E-03
4.18095E+02,2.98036E-02
4.19928E+02,1.22214E-02
4.21761E+02,1.50143E-02
4.23593E+02,2.88522E-02
4.25425E+02,1.02183E-02
4.27257E+02,-1.12740E-03
4.29088E+02,-6.14855E-03
4.30918E+02,-2.28346E-03
4.32749E+02,1.45315E-02
4.34578E+02,1.32547E-02
4.36408E+02,2.89852E-02
4.38237E+02,-3.49066E-03
4.40065E+02,-1.57427E-02
4.41893E+02,2.90138E-03
4.43721E+02,1.31524E-02
4.45548E+02,1.50798E-02
4.47375E+02,7.46011E-03
4.49201E+02,-9.80904E-03
4.51027E+02,-3.62775E-03
4.52852E+02,-6.29587E-03
4.54677E+02,-4.58533E-03
4.56502E+02,5.25440E-03
4.58326E+02,-1.39340E-03
4.60150E+02,1.16055E-02
4.61973E+02,-4.14132E-03
4.63796E+02,7.21867E-03
4.65618E+02,1.15810E-03
4.67440E+02,-3.38221E-03
4.69261E+02,-3.02415E-03
4.71083E+02,-5.29533E-03
4.72903E+02,-1.91229E-02
4.74723E+02,5.17460E-03
4.76543E+02,-3.65639E-03
4.78363E+02,-5.77002E-03
4.80182E+02,4.04720E-03
4.82000E+02,6.44524E-04
4.83818E+02,-2.25583E-02
4.85636E+02,-3.34948E-03
4.87453E+02,-2.60265E-03
4.89270E+02,1.56179E-02
4.91086E+02,2.12775E-02
4.92902E+02,-6.33884E-03
4.94717E+02,-1.69806E-02
4.96532E+02,2.96481E-03
4.98347E+02,-3.37198E-03
5.00161E+02,2.55354E-03
5.01975E+02,1.31687E-02
5.03788E+02,2.57482E-02
5.05601E+02,1.82370E-02
5.07414E+02,-5.07844E-03
5.09226E+02,1.44517E-02
5.11037E+02,1.30071E-02
5.12849E+02,1.87116E-02
5.14659E+02,-1.39544E-02
5.16470E+02,1.39135E-04
5.18280E+02,-2.13511E-02
5.20089E+02,-1.68251E-02
5.21898E+02,1.10797E-02
5.23707E+02,-9.84382E-03
5.25515E+02,-1.26859E-03
5.27323E+02,-1.67781E-04
5.29130E+02,-8.96195E-03
5.30937E+02,-2.97504E-03
5.32743E+02,-5.54495E-04
5.34549E+02,4.43596E-03
5.36355E+02,1.69827E-04
5.38160E+02,9.62693E-03
5.39965E+02,-2.93003E-03
5.41769E+02,-2.86169E-02
5.43573E+02,-5.01296E-04
5.45377E+02,1.55115E-02
5.47180E+02,3.22507E-02
5.48982E+02,3.11602E-02
5.50784E+02,3.88576E-02
5.52586E+02,5.86025E-02
5.54388E+02,1.05690E-01
5.56189E+02,1.35933E-01
5.57989E+02,1.57560E-01
5.59789E+02,1.92884E-01
5.61589E+02,2.30809E-01
5.63388E+02,2.36690E-01
5.65187E+02,2.21690E-01
5.66985E+02,1.85484E-01
5.68783E+02,1.38341E-01
5.70581E+02,1.06737E-01
5.72378E+02,9.07674E-02
5.74174E+02,8.10565E-02
5.75971E+02,6.22017E-02
5.77767E+02,6.05157E-02
5.79562E+02,3.56309E-02
5.81357E+02,2.72685E-02
5.83151E+02,4.88569E-02
5.84946E+02,4.47627E-02
5.86739E+02,3.03438E-02
5.88533E+02,3.64371E-02
5.90326E+02,1.20659E-02
5.92118E+02,1.96835E-02
5.93910E+02,-2.78271E-04
5.95702E+02,-3.60892E-02
5.97493E+02,-8.61411E-04
5.99284E+02,-3.16124E-03
6.01074E+02,-1.97204E-02
6.02864E+02,-4.40527E-03
6.04653E+02,1.10735E-02
6.06442E+02,9.16656E-04
6.08231E+02,-1.70502E-02
6.10019E+02,-1.02469E-02
6.11807E+02,-5.52449E-03
6.13594E+02,-4.80631E-03
6.15381E+02,-4.17406E-04
6.17168E+02,1.96958E-02
6.18954E+02,2.70905E-03
6.20740E+02,1.04556E-02
6.22525E+02,-9.92157E-03
6.24310E+02,1.44148E-02
6.26094E+02,1.43964E-02
6.27878E+02,2.04365E-02
6.29662E+02,1.74881E-02
6.31445E+02,2.73871E-02
6.33228E+02,5.48357E-03
6.35010E+02,1.90963E-02
6.36792E+02,2.20366E-02
6.38574E+02,2.61677E-02
6.40355E+02,1.03983E-02
6.42136E+02,1.19390E-02
6.43916E+02,1.50839E-02
6.45696E+02,7.93276E-03
6.47475E+02,3.50334E-02
6.49254E+02,4.72119E-02
6.51033E+02,2.20263E-02
6.52811E+02,2.86721E-02
6.54589E+02,7.80590E-03
6.56366E+02,2.86271E-02
6.58143E+02,2.77779E-02
6.59919E+02,1.39217E-02
6.61695E+02,4.79423E-02
6.63471E+02,6.33147E-02
6.65246E+02,2.11567E-03
6.67021E+02,1.48363E-02
6.68796E+02,1.59474E-02
6.70570E+02,6.81967E-03
6.72343E+02,-9.51235E-03
6.74116E+02,-1.45765E-02
6.75889E+02,-1.52865E-02
6.77662E+02,-6.71123E-04
6.79433E+02,7.05907E-04
6.81205E+02,1.11717E-03
6.82976E+02,-1.10919E-02
6.84747E+02,-4.80835E-03
6.86517E+02,-8.29287E-03
6.88287E+02,-5.61656E-03
6.90056E+02,-3.37608E-04
6.91825E+02,1.79198E-02
6.93594E+02,-5.63498E-03
6.95362E+02,-6.01555E-04
6.97130E+02,-1.70031E-03
6.98897E+02,1.95014E-02
7.00664E+02,1.57673E-02
7.02431E+02,1.82001E-02
7.04197E+02,2.74649E-02
7.05963E+02,4.07421E-02
7.07728E+02,4.60681E-02
7.09493E+02,5.68490E-02
7.11257E+02,5.61615E-02
7.13021E+02,4.06787E-02
7.14785E+02,3.71553E-02
7.16548E+02,5.15599E-02
7.18311E+02,6.66069E-02
7.20073E+02,6.96904E-02
7.21836E+02,4.89224E-02
7.23597E+02,6.79737E-02
7.25358E+02,1.23667E-01
7.27119E+02,1.13193E-01
7.28879E+02,1.16233E-01
7.30639E+02,7.62073E-02
7.32399E+02,9.53384E-02
7.34158E+02,8.60552E-02
7.35917E+02,5.01255E-02
7.37675E+02,3.00348E-02
7.39433E+02,9.94408E-04
7.41190E+02,5.47538E-03
7.42947E+02,1.66492E-02
7.44704E+02,1.76988E-03
7.46460E+02,-1.05641E-02
7.48216E+02,-9.36503E-03
7.49972E+02,-1.08648E-03
7.51727E+02,1.09855E-02
7.53481E+02,-2.55968E-03
7.55236E+02,-4.55463E-03
7.56989E+02,-5.52653E-03
7.58743E+02,1.41959E-02
7.60496E+02,-1.07400E-02
7.62248E+02,1.24608E-03
7.64000E+02,4.25590E-04
7.65752E+02,-1.25590E-02
7.67504E+02,6.10149E-03
7.69254E+02,1.10347E-02
7.71005E+02,9.29342E-03
7.72755E+02,-1.74778E-02
7.74505E+02,-2.11608E-02
7.76254E+02,-6.57005E-03
7.78003E+02,1.35698E-02
7.79752E+02,2.27548E-02
7.81500E+02,9.94817E-03
7.83247E+02,-1.11451E-02
7.84995E+02,-7.28823E-03
7.86741E+02,1.06213E-02
7.88488E+02,1.55566E-02
7.90234E+02,1.87035E-02
7.91980E+02,7.90616E-03
7.93725E+02,1.32670E-02
7.95470E+02,1.48200E-02
7.97214E+02,3.47429E-02
7.98958E+02,3.27950E-02
8.00702E+02,5.24786E-02
8.02445E+02,4.44967E-02
8.04188E+02,6.11152E-02
8.05930E+02,6.08881E-02
8.07672E+02,8.59447E-02
8.09414E+02,1.04832E-01
8.11155E+02,1.57540E-01
8.12896E+02,1.90548E-01
8.14636E+02,1.84367E-01
8.16376E+02,2.23685E-01
8.18116E+02,2.87642E-01
8.19855E+02,2.87521E-01
8.21594E+02,2.79429E-01
8.23332E+02,2.59457E-01
8.25070E+02,2.05366E-01
8.26808E+02,1.47604E-01
8.28545E+02,1.21520E-01
8.30282E+02,1.17350E-01
8.32018E+02,1.13037E-01
8.33754E+02,6.78980E-02
8.35489E+02,5.13593E-02
8.37224E+02,5.38576E-02
8.38959E+02,6.92812E-03
8.40694E+02,4.01855E-03
8.42428E+02,1.13334E-02
8.44161E+02,1.56773E-02
8.45894E+02,3.00184E-02
8.47627E+02,2.72337E-02
8.49359E+02,2.96215E-02
8.51091E+02,4.29273E-03
8.52823E+02,-2.36121E-03
8.54554E+02,1.19861E-02
8.56285E+02,1.42696E-02
8.58015E+02,1.89920E-02
8.59745E+02,8.84532E-03
8.61474E+02,-1.23401E-02
8.63203E+02,-9.92362E-03
8.64932E+02,3.83440E-03
8.66660E+02,-4.87996E-03
8.68388E+02,8.05143E-03
8.70116E+02,3.06916E-03
8.71843E+02,-2.11997E-02
8.73570E+02,1.22357E-02
8.75296E+02,2.05102E-02
8.77022E+02,-2.28755E-02
8.78748E+02,-2.99345E-03
8.80473E+02,1.24362E-02
8.82197E+02,2.33031E-02
8.83922E+02,-9.33025E-04
8.85646E+02,-9.02333E-04
8.87369E+02,1.84293E-02
8.89092E+02,2.29737E-02
8.90815E+02,5.01296E-04
8.92537E+02,-1.87628E-03
8.94259E+02,8.95990E-03
8.95981E+02,9.81313E-03
8.97702E+02,2.76306E-02
8.99423E+02,2.46986E-02
9.01143E+02,1.50287E-02
9.02863E+02,-6.71737E-03
9.04583E+02,-2.16601E-02
9.06302E+02,-9.34866E-03
9.08021E+02,-2.88296E-03
9.09739E+02,-2.00928E-03
9.11457E+02,2.25092E-02
9.13174E+02,4.34184E-03
9.14892E+02,-3.95512E-03
9.16608E+02,1.83331E-02
9.18325E+02,2.64828E-02
9.20041E+02,1.93030E-02
9.21756E+02,-1.08116E-02
9.23472E+02,-2.13654E-02
9.25186E+02,-1.67269E-02
9.26901E+02,-1.32813E-02
9.28615E+02,-3.70345E-03
9.30328E+02,-4.53622E-03
9.32042E+02,-1.38030E-02
9.33755E+02,2.96686E-04
9.35467E+02,2.08580E-02
9.37179E+02,4.74288E-03
9.38891E+02,9.92157E-03
9.40602E+02,3.06773E-02
9.42313E+02,1.39504E-02
9.44023E+02,-1.17099E-02
9.45733E+02,1.94482E-02
9.47443E+02,1.45683E-02
9.49152E+02,4.24363E-02
9.50861E+02,3.56964E-02
9.52570E+02,5.82731E-02
9.54278E+02,4.26286E-02
9.55985E+02,1.37048E-02
9.57693E+02,3.79839E-02
9.59400E+02,3.85875E-02
9.61106E+02,4.52517E-02
9.62812E+02,4.21232E-02
9.64518E+02,5.83263E-02
9.66223E+02,5.78148E-02
9.67928E+02,6.48473E-02
9.69633E+02,5.48070E-02
9.71337E+02,5.12243E-02
9.73041E+02,6.37833E-02
9.74744E+02,5.64132E-02
9.76447E+02,6.25393E-02
9.78150E+02,6.60176E-02
9.79852E+02,6.80269E-02
9.81554E+02,7.47791E-02
9.83255E+02,6.91748E-02
9.84957E+02,8.01378E-02
9.86657E+02,5.28673E-02
9.88357E+02,3.88678E-02
9.90057E+02,7.56589E-02
9.91757E+02,6.55859E-02
9.93456E+02,3.24390E-02
9.95155E+02,3.56309E-02
9.96853E+02,3.86551E-02
9.98551E+02,1.71853E-02
1.00025E+03,1.48568E-02
1.00195E+03,1.83127E-03
1.00364E+03,2.46904E-02
1.00534E+03,1.70011E-02
1.00703E+03,5.21553E-03
1.00873E+03,2.63661E-02
1.01043E+03,1.03349E-02
1.01212E+03,-1.71934E-02
1.01381E+03,-1.65080E-02
1.01551E+03,-2.40888E-02
1.01720E+03,-1.09323E-02
1.01890E+03,-1.61110E-02
1.02059E+03,1.56916E-02
1.02228E+03,-5.38126E-03
1.02397E+03,3.22466E-02
1.02566E+03,1.85582E-03
1.02736E+03,1.09815E-02
1.02905E+03,-8.67345E-03
1.03074E+03,-4.81858E-03
1.03243E+03,1.14439E-02
1.03412E+03,2.49830E-02
1.03581E+03,8.77575E-03
1.03750E+03,-1.57059E-02
1.03918E+03,4.58533E-03
1.04087E+03,6.77261E-03
1.04256E+03,3.83645E-03
1.04425E+03,3.56432E-03
1.04594E+03,1.40608E-02
1.04762E+03,-5.45697E-03
1.04931E+03,3.83031E-03
1.05099E+03,3.68954E-02
1.05268E+03,3.32963E-02
1.05436E+03,3.25536E-02
1.05605E+03,4.68006E-02
1.05773E+03,3.87737E-02
1.05942E+03,4.90513E-02
1.06110E+03,5.52367E-02
1.06278E+03,5.16560E-02
1.06447E+03,5.61145E-02
1.06615E+03,5.75017E-02
1.06783E+03,3.88290E-02
1.06951E+03,5.84286E-02
1.07120E+03,4.94135E-02
1.07288E+03,7.24874E-02
1.07456E+03,7.15360E-02
1.07624E+03,5.19097E-02
1.07792E+03,5.12795E-02
1.07960E+03,7.22317E-02
1.08128E+03,6.35950E-02
1.08295E+03,6.91830E-02
1.08463E+03,6.38610E-02
1.08631E+03,6.63900E-02
1.08799E+03,5.20509E-02
1.08966E+03,4.29314E-02
1.09134E+03,5.66424E-02
1.09302E+03,5.85043E-02
1.09469E+03,3.64514E-02
1.09637E+03,2.37573E-02
1.09804E+03,3.45055E-02
1.09972E+03,3.39306E-02
1.10139E+03,2.13798E-02
1.10307E+03,1.27206E-02
1.10474E+03,-1.14991E-03
1.10641E+03,3.63675E-02
1.10809E+03,-9.70059E-03
1.10976E+03,6.38590E-03
1.11143E+03,2.71764E-02
1.11310E+03,4.43187E-03
1.11478E+03,1.45396E-02
1.11645E+03,-2.79294E-03
1.11812E+03,-1.43596E-02
1.11979E+03,-2.56418E-02
1.12146E+03,-1.99189E-02
1.12313E+03,1.46501E-03
1.12480E+03,1.65530E-02
1.12646E+03,9.40186E-03
1.12813E+03,1.23687E-02
1.12980E+03,1.03349E-02
1.13147E+03,-1.20434E-02
1.13314E+03,-8.64276E-03
1.13480E+03,2.58628E-03
1.13647E+03,2.11281E-02
1.13813E+03,2.16253E-02
1.13980E+03,6.11581E-03
1.14147E+03,8.10054E-03
1.14313E+03,5.52449E-03
1.14479E+03,-1.20904E-02
1.14646E+03,3.46406E-03
1.14812E+03,1.96099E-02
1.14979E+03,1.36741E-02
1.15145E+03,5.24826E-03
1.15311E+03,1.65100E-02
1.15477E+03,1.65039E-02
1.15644E+03,2.11404E-02
1.15810E+03,3.36646E-02
1.15976E+03,1.54829E-02
1.16142E+03,-1.10081E-03
1.16308E+03,8.51794E-03
1.16474E+03,2.58833E-03
1.16640E+03,8.97423E-03
1.16806E+03,2.38678E-02
1.16972E+03,-1.00096E-02
1.17138E+03,-2.02094E-02
1.17303E+03,-1.82104E-03
1.17469E+03,9.26886E-04
1.17635E+03,3.89845E-02
1.17801E+03,2.70454E-02
1.17966E+03,7.58492E-03
1.18132E+03,2.57093E-02
1.18298E+03,3.34272E-02
1.18463E+03,4.27575E-02
1.18629E+03,1.80323E-02
1.18794E+03,3.00369E-03
1.18960E+03,3.48247E-03
1.19125E+03,-2.18299E-02
1.19290E+03,1.11983E-02
1.19456E+03,-1.08137E-02
1.19621E+03,-1.99311E-02
1.19786E+03,-1.41652E-02
1.19951E+03,-2.95867E-03
1.20117E+03,1.18142E-02
1.20282E+03,1.89060E-03
1.20447E+03,9.47348E-03
1.20612E+03,1.73101E-03
1.20777E+03,5.81299E-03
1.20942E+03,2.98936E-03
1.21107E+03,-1.00648E-02
1.21272E+03,1.52087E-02
1.21437E+03,2.66751E-02
1.21601E+03,3.24901E-02
1.21766E+03,-1.33590E-02
1.21931E+03,3.70959E-03
1.22096E+03,-3.98991E-04
1.22260E+03,3.47224E-03
1.22425E+03,-1.85439E-02
1.22590E+03,1.21539E-03
1.22754E+03,-7.00792E-03
1.22919E+03,-2.71396E-02
1.23083E+03,-3.24513E-03
1.23248E+03,2.09910E-02
1.23412E+03,7.42328E-03
1.23577E+03,2.18504E-02
1.23741E+03,4.49407E-02
1.23905E+03,4.25856E-02
1.24070E+03,3.01801E-02
1.24234E+03,3.94346E-02
1.24398E+03,3.03356E-02
1.24562E+03,3.65967E-02
1.24726E+03,5.02278E-02
1.24890E+03,2.54208E-02
1.25055E+03,2.22187E-02
1.25219E+03,4.21989E-02
1.25383E+03,5.81504E-02
1.25547E+03,5.85228E-02
1.25710E+03,4.59924E-02
1.25874E+03,3.83686E-02
1.26038E+03,3.28953E-02
1.26202E+03,5.98016E-02
1.26366E+03,7.19861E-02
1.26529E+03,9.91339E-02
1.26693E+03,9.47082E-02
1.26857E+03,1.23859E-01
1.27020E+03,1.20761E-01
1.27184E+03,2.05626E-01
1.27348E+03,2.41565E-01
1.27511E+03,2.91994E-01
1.27675E+03,4.65835E-01
1.27838E+03,5.96191E-01
1.28001E+03,7.10194E-01
1.28165E+03,8.27388E-01
1.28328E+03,9.19287E-01
1.28491E+03,9.59782E-01
1.28655E+03,1.00000E+00
1.28818E+03,9.82868E-01
1.28981E+03,9.01795E-01
1.29144E+03,8.18451E-01
1.29307E+03,7.11969E-01
1.29470E+03,6.50496E-01
1.29633E+03,5.80397E-01
1.29796E+03,5.07252E-01
1.29959E+03,4.26662E-01
1.30122E+03,3.27019E-01
1.30285E+03,2.92867E-01
1.30448E+03,2.53459E-01
1.30611E+03,2.04289E-01
1.30773E+03,1.92348E-01
1.30936E+03,1.26249E-01
1.31099E+03,1.10784E-01
1.31262E+03,9.65374E-02
1.31424E+03,6.48391E-02
1.31587E+03,6.99953E-02
1.31749E+03,5.29082E-02
1.31912E+03,3.03622E-02
1.32074E+03,1.92007E-02
1.32237E+03,2.09624E-02
1.32399E+03,2.27916E-02
1.32562E+03,2.32295E-02
1.32724E+03,1.12925E-02
1.32886E+03,1.13354E-03
1.33048E+03,1.30357E-02
1.33211E+03,4.43801E-03
1.33373E+03,-1.30214E-02
1.33535E+03,4.22112E-03
1.33697E+03,-4.90452E-03
1.33859E+03,3.62570E-03
1.34021E+03,-1.10776E-02
1.34183E+03,-1.26736E-02
1.34345E+03,-1.01078E-03
1.34507E+03,2.92000E-02
1.34669E+03,3.67481E-03
1.34831E+03,-1.87423E-02
1.34993E+03,-1.92436E-02
1.35155E+03,3.41454E-02
1.35316E+03,-5.41195E-03
1.35478E+03,1.82308E-03
1.35640E+03,-3.41700E-03
1.35801E+03,-1.25856E-02
1.35963E+03,-1.07421E-03
1.36125E+03,-5.43241E-03
1.36286E+03,8.48725E-03
1.36448E+03,4.78584E-03
1.36609E+03,1.28189E-02
1.36771E+03,8.61820E-03
1.36932E+03,-9.10313E-03
1.37093E+03,1.38767E-02
1.37255E+03,2.09214E-02
1.37416E+03,-8.03097E-03
1.37577E+03,-4.45028E-03
1.37738E+03,1.82513E-03
1.37900E+03,4.11595E-02
1.38061E+03,2.87764E-02
1.38222E+03,5.72910E-04
1.38383E+03,1.99189E-02
1.38544E+03,-4.49530E-03
1.38705E+03,2.65994E-02
1.38866E+03,1.58144E-02
1.39027E+03,-1.03635E-02
1.39188E+03,1.94462E-02
1.39349E+03,4.82063E-03
1.39509E+03,5.48357E-04
1.39670E+03,2.25297E-02
1.39831E+03,4.89818E-02
1.39992E+03,5.34013E-02
1.40152E+03,6.82029E-02
1.40313E+03,1.07942E-01
1.40474E+03,1.11005E-01
1.40634E+03,1.17729E-01
1.40795E+03,1.51925E-01
1.40955E+03,1.63820E-01
1.41116E+03,1.86188E-01
1.41276E+03,2.18753E-01
1.41436E+03,2.48373E-01
1.41597E+03,3.31656E-01
1.41757E+03,4.12786E-01
1.41917E+03,4.75043E-01
1.42078E+03,4.72160E-01
1.42238E+03,5.11887E-01
1.42398E+03,5.85256E-01
1.42558E+03,6.00291E-01
1.42718E+03,6.62045E-01
1.42878E+03,6.15588E-01
1.43038E+03,5.78930E-01
1.43198E+03,5.43610E-01
1.43358E+03,4.36748E-01
1.43518E+03,3.61725E-01
1.43678E+03,2.74090E-01
1.43838E+03,2.33324E-01
1.43998E+03,1.78666E-01
1.44158E+03,1.00752E-01
1.44317E+03,4.10449E-02
1.44477E+03,5.59426E-02
1.44637E+03,2.93657E-02
1.44796E+03,1.30091E-02
1.44956E+03,2.28796E-02
1.45115E+03,2.24437E-02
1.45275E+03,2.24049E-02
1.45435E+03,1.64323E-02
1.45594E+03,2.61083E-03
1.45753E+03,3.24717E-03
1.45913E+03,1.34122E-02
1.46072E+03,6.42273E-03
1.46231E+03,3.19807E-03
1.46391E+03,3.79103E-02
1.46550E+03,-9.59420E-03
1.46709E+03,2.25195E-02
1.46868E+03,2.60879E-03
1.47028E+03,1.90165E-02
1.47187E+03,7.29642E-03
1.47346E+03,-2.99223E-02
1.47505E+03,-1.08403E-02
1.47664E+03,-8.00028E-04
1.47823E+03,-7.37417E-03
1.47982E+03,-8.18238E-03
1.48141E+03,-1.88631E-02
1.48299E+03,-3.49884E-03
1.48458E+03,-7.13887E-03
1.48617E+03,3.67276E-03
1.48776E+03,2.26811E-02
1.48935E+03,1.05988E-02
1.49093E+03,1.37314E-02
1.49252E+03,6.63123E-02
1.49410E+03,9.08390E-02
1.49569E+03,9.94019E-02
1.49728E+03,1.42065E-01
1.49886E+03,1.86832E-01
1.50045E+03,2.28505E-01
1.50203E+03,2.53216E-01
1.50361E+03,2.95572E-01
1.50520E+03,3.34802E-01
1.50678E+03,3.08627E-01
1.50836E+03,2.91662E-01
1.50995E+03,2.42543E-01
1.51153E+03,2.09272E-01
1.51311E+03,1.12251E-01
1.51469E+03,1.42781E-01
1.51627E+03,4.62154E-02
1.51785E+03,-1.14275E-02
1.51944E+03,2.96379E-02
1.52102E+03,1.41018E-02
1.52260E+03,-9.70469E-03
1.52417E+03,1.70359E-02
1.52575E+03,-8.48725E-03
1.52733E+03,1.70523E-02
1.52891E+03,9.86837E-03
1.53049E+03,-2.23660E-02
1.53207E+03,-1.71750E-02
1.53364E+03,-2.09726E-03
1.53522E+03,-2.11117E-02
1.53680E+03,-4.52394E-03
1.53837E+03,2.08867E-02
1.53995E+03,1.23073E-02
1.54153E+03,1.00689E-02
1.54310E+03,-1.33365E-02
1.54468E+03,2.19547E-03
1.54625E+03,1.64200E-02
1.54783E+03,-3.75174E-02
1.54940E+03,7.87751E-04
1.55097E+03,3.85384E-02
1.55255E+03,6.22426E-03
1.55412E+03,1.52824E-02
1.55569E+03,3.88474E-02
1.55726E+03,2.83038E-02
1.55884E+03,4.34511E-02
1.56041E+03,7.74206E-02
1.56198E+03,7.84702E-02
1.56355E+03,4.81244E-02
1.56512E+03,5.75079E-02
1.56669E+03,9.95840E-02
1.56826E+03,1.17348E-01
1.56983E+03,1.28201E-01
1.57140E+03,1.63175E-01
1.57297E+03,1.60814E-01
1.57453E+03,1.47751E-01
1.57610E+03,1.78224E-01
1.57767E+03,1.86437E-01
1.57924E+03,1.62332E-01
1.58080E+03,1.57644E-01
1.58237E+03,1.32522E-01
1.58394E+03,1.08433E-01
1.58550E+03,1.16372E-01
1.58707E+03,1.08082E-01
1.58863E+03,7.59883E-02
1.59020E+03,6.66478E-02
1.59176E+03,4.84620E-02
1.59333E+03,3.42416E-02
1.59489E+03,2.85575E-02
1.59646E+03,2.72828E-02
1.59802E+03,5.82506E-02
1.59958E+03,4.25120E-02
1.60114E+03,7.90820E-03
1.60271E+03,1.68395E-03
1.60427E+03,1.69622E-02
1.60583E+03,1.06070E-02
1.60739E+03,-5.19302E-03
1.60895E+03,4.91864E-02
1.61051E+03,3.44135E-02
1.61207E+03,3.39613E-02
1.61363E+03,4.68825E-02
1.61519E+03,4.19902E-02
1.61675E+03,6.07817E-02
1.61831E+03,5.48132E-02
1.61987E+03,5.12693E-02
1.62143E+03,7.47422E-02
1.62298E+03,8.69759E-02
1.62454E+03,8.45063E-02
1.62610E+03,7.79751E-02
1.62765E+03,7.46686E-02
1.62921E+03,6.62366E-02
1.63077E+03,4.35739E-02
1.63232E+03,3.75113E-02
1.63388E+03,1.89388E-02
1.63543E+03,-3.82213E-03
1.63699E+03,2.53369E-02
1.63854E+03,3.39081E-02
1.64010E+03,3.47122E-02
1.64165E+03,2.11363E-03
1.64320E+03,9.41414E-03
1.64476E+03,-5.59406E-03
1.64631E+03,-1.08996E-02
1.64786E+03,-8.51385E-03
1.64941E+03,1.11411E-02
1.65096E+03,-2.49973E-02
1.65252E+03,1.05047E-02
1.65407E+03,-1.41488E-02
1.65562E+03,-1.24035E-02
1.65717E+03,-9.59624E-04
1.65872E+03,7.40281E-03
1.66027E+03,9.85610E-03
1.66182E+03,-5.52449E-05
1.66336E+03,-7.32097E-03
1.66491E+03,2.10954E-03
1.66646E+03,1.24158E-02
1.66801E+03,1.46685E-02
1.66956E+03,-4.83086E-03
1.67110E+03,-1.11738E-02
1.67265E+03,1.88999E-02
1.67420E+03,7.50307E-03
1.67574E+03,7.85910E-03
1.67729E+03,-3.49393E-02
1.67883E+03,-7.79567E-03
1.68038E+03,-1.56323E-02
1.68192E+03,2.63948E-03
1.68347E+03,1.12536E-03
1.68501E+03,1.66123E-02
1.68656E+03,8.94149E-04
1.68810E+03,1.00034E-02
1.68964E+03,-2.66915E-02
1.69119E+03,-3.45587E-03
1.69273E+03,1.01323E-02
1.69427E+03,1.45171E-02
1.69581E+03,8.59160E-03
1.69735E+03,2.06411E-02
1.69889E+03,-5.71273E-03
1.70043E+03,-1.49038E-02
1.70198E+03,3.26763E-03
1.70352E+03,-5.83140E-04
1.70506E+03,-1.61642E-04
1.70659E+03,4.01855E-03
1.70813E+03,-1.05661E-02
1.70967E+03,-1.93971E-03
1.71121E+03,1.63545E-02
1.71275E+03,2.33829E-02
1.71429E+03,6.51480E-03
1.71582E+03,-5.52449E-04
1.71736E+03,-1.43862E-02
1.71890E+03,7.61561E-03
1.72043E+03,1.56527E-03
1.72197E+03,-2.93760E-02
1.72351E+03,-4.13314E-03
1.72504E+03,1.87035E-02
1.72658E+03,1.54215E-02
1.72811E+03,-1.76293E-02
1.72965E+03,1.06561E-02
1.73118E+03,-2.55088E-02
1.73271E+03,8.32766E-04
1.73425E+03,-9.64330E-03
1.73578E+03,5.38126E-04
1.73731E+03,2.38699E-02
1.73884E+03,1.31094E-02
1.74038E+03,-2.71109E-03
1.74191E+03,2.96890E-02
1.74344E+03,5.29328E-03
1.74497E+03,-2.12591E-02
1.74650E+03,4.94749E-03
1.74803E+03,2.65994E-04
1.74956E+03,-1.04638E-02
1.75109E+03,-1.94135E-02
1.75262E+03,-8.55887E-03
1.75415E+03,8.96195E-03
1.75568E+03,1.15932E-02
1.75721E+03,6.49434E-03
1.75873E+03,-4.12700E-03
1.76026E+03,2.03178E-03
1.76179E+03,-4.87587E-03
1.76332E+03,-2.49134E-02
1.76484E+03,-1.51985E-02
1.76637E+03,7.10204E-03
1.76790E+03,4.19391E-02
1.76942E+03,2.88030E-02
1.77095E+03,5.75570E-03
1.77247E+03,1.03615E-02
1.77400E+03,5.95826E-03
1.77552E+03,4.78871E-02
1.77704E+03,6.62529E-03
1.77857E+03,3.43746E-04
1.78009E+03,1.69827E-03
1.78161E+03,-1.11533E-02
1.78314E+03,-1.38931E-03
1.78466E+03,1.29212E-02
1.78618E+03,2.48193E-02
1.78770E+03,1.99414E-02
1.78923E+03,4.11881E-03
1.79075E+03,1.22009E-02
1.79227E+03,1.90881E-02
1.79379E+03,2.89442E-02
1.79531E+03,2.29164E-02
1.79683E+03,1.69172E-02
1.79835E+03,2.04386E-02
1.79987E+03,1.07339E-02
1.80138E+03,8.55887E-03
1.80290E+03,1.29334E-02
1.80442E+03,-9.69446E-03
1.80594E+03,1.26122E-02
1.80746E+03,2.49032E-02
1.80897E+03,6.18129E-03
1.81049E+03,1.66860E-02
1.81201E+03,1.19043E-02
1.81352E+03,-1.20475E-02
1.81504E+03,-7.40895E-03
1.81655E+03,-9.07244E-03
1.81807E+03,-6.87492E-04
1.81958E+03,-5.61247E-03
1.82110E+03,4.36025E-03
1.82261E+03,-2.36325E-03
1.82413E+03,-7.60333E-03
1.82564E+03,3.32083E-03
1.82715E+03,2.43998E-02
1.82867E+03,5.23803E-04
1.83018E+03,3.84668E-03
1.83169E+03,1.88938E-02
1.83320E+03,1.49898E-02
1.83471E+03,-2.64152E-03
1.83623E+03,8.99673E-03
1.83774E+03,1.42409E-03
1.83925E+03,1.20966E-02
1.84076E+03,-8.62230E-03
1.84227E+03,-4.61602E-03
1.84378E+03,-5.30760E-03
1.84529E+03,-2.45042E-02
1.84679E+03,-1.23135E-02
1.84830E+03,6.03602E-04
1.84981E+03,9.00287E-05
1.85132E+03,1.11063E-02
1.85283E+03,1.51596E-02
1.85433E+03,1.23114E-02
1.85584E+03,1.36087E-02
1.85735E+03,5.77002E-04
1.85885E+03,-5.78025E-03
1.86036E+03,-2.05511E-02
1.86187E+03,-2.78680E-03
1.86337E+03,6.76852E-03
1.86488E+03,3.89579E-03
1.86638E+03,1.02367E-02
1.86789E+03,-1.11758E-02
1.86939E+03,2.19957E-03
1.87089E+03,-5.41809E-03
1.87240E+03,-2.89320E-03
1.87390E+03,6.69282E-03
1.87540E+03,1.23605E-02
1.87690E+03,1.33365E-02
1.87841E+03,-9.16451E-03
1.87991E+03,-7.98800E-03
1.88141E+03,1.57591E-02
1.88291E+03,-3.41700E-04
1.88441E+03,3.38221E-03
1.88591E+03,-1.02592E-02
1.88741E+03,-7.13273E-03
1.88891E+03,-4.24363E-03
1.89041E+03,1.76784E-03
1.89191E+03,1.14848E-02
1.89341E+03,4.79403E-03
1.89491E+03,6.20584E-03
1.89641E+03,6.53731E-03
1.89790E+03,-1.89879E-03
1.89940E+03,-3.56023E-04
1.90090E+03,9.29751E-03
1.90240E+03,-4.49530E-03
1.90389E+03,1.43616E-02
1.90539E+03,7.19207E-03
1.90688E+03,-1.03983E-02
1.90838E+03,-1.92129E-03
1.90988E+03,-1.79935E-02
1.91137E+03,-1.67372E-03
1.91287E+03,-2.86598E-02
1.91436E+03,-1.09692E-02
1.91585E+03,1.72569E-02
1.91735E+03,7.20843E-03
1.91884E+03,2.93412E-02
1.92033E+03,-7.62993E-03
1.92183E+03,2.15046E-02
1.92332E+03,7.06112E-03
1.92481E+03,-1.15441E-02
1.92630E+03,-2.99632E-02
1.92779E+03,-6.75011E-03
1.92929E+03,-9.22590E-03
1.93078E+03,-9.30774E-03
1.93227E+03,1.36209E-02
1.93376E+03,2.55722E-02
1.93525E+03,1.15032E-02
1.93674E+03,-4.30092E-03
1.93823E+03,1.34429E-03
1.93971E+03,1.44557E-02
1.94120E+03,1.60988E-02
1.94269E+03,1.70911E-02
1.94418E+03,1.82554E-02
1.94567E+03,2.41625E-02
1.94715E+03,1.50307E-02
1.94864E+03,1.31831E-02
1.95013E+03,9.02333E-03
1.95161E+03,4.80221E-03
1.95310E+03,6.40227E-03
1.95459E+03,-2.52878E-02
1.95607E+03,-1.18285E-02
1.95756E+03,9.51849E-03
1.95904E+03,6.91175E-03
1.96053E+03,3.30855E-03
1.96201E+03,9.08471E-03
1.96349E+03,2.16928E-02
1.96498E+03,1.32670E-02
1.96646E+03,-2.05654E-02
1.96794E+03,-5.66976E-03
1.96943E+03,-1.03083E-02
1.97091E+03,-1.13702E-02
1.97239E+03,4.56282E-03
1.97387E+03,-9.88270E-04
1.97535E+03,-4.59351E-03
1.97683E+03,-2.46351E-03
1.97831E+03,9.06835E-03
1.97979E+03,3.03908E-02
1.98127E+03,2.06984E-02
1.98275E+03,3.29014E-03
1.98423E+03,-9.32002E-03
1.98571E+03,-2.20980E-04
1.98719E+03,3.01392E-03
1.98867E+03,-5.50403E-04
1.99015E+03,-9.61670E-04
1.99163E+03,-8.54659E-03
1.99310E+03,6.91584E-03
1.99458E+03,4.30706E-03
1.99606E+03,-1.41672E-02
1.99753E+03,-1.66144E-03
1.99901E+03,2.99959E-03
2.00048E+03,4.96590E-03
2.00196E+03,-2.56582E-03
2.00344E+03,-7.91843E-04
2.00491E+03,1.13764E-03
2.00639E+03,2.81544E-03
2.00786E+03,2.29164E-03
2.00933E+03,-1.66962E-03
2.01081E+03,-4.98432E-03
2.01228E+03,1.65325E-03
2.01375E+03,1.75761E-02
2.01523E+03,1.52926E-02
2.01670E+03,-1.61029E-03
2.01817E+03,1.81285E-03
2.01964E+03,1.30951E-04
2.02111E+03,-1.34552E-02
2.02259E+03,-9.65763E-03
2.02406E+03,-9.29546E-03
2.02553E+03,-3.94080E-03
2.02700E+03,8.95786E-03
2.02847E+03,-3.08144E-03
2.02994E+03,2.90956E-03
2.03141E+03,4.02878E-03
2.03287E+03,1.36659E-02
2.03434E+03,-2.11567E-03
2.03581E+03,-6.98336E-03
2.03728E+03,-3.09371E-03
2.03875E+03,8.71028E-03
2.04021E+03,2.41482E-02
2.04168E+03,3.69732E-03
2.04315E+03,2.15782E-02
2.04461E+03,4.81449E-03
2.04608E+03,-7.33939E-03
2.04755E+03,-8.96604E-03
2.04901E+03,1.27882E-02
2.05048E+03,2.12365E-02
2.05194E+03,1.68886E-02
2.05341E+03,3.79348E-03
2.05487E+03,3.78121E-03
2.05633E+03,3.30528E-02
2.05780E+03,1.05272E-02
2.05926E+03,-4.32547E-03
2.06072E+03,-2.59078E-02
2.06219E+03,-2.93105E-02
2.06365E+03,-1.63484E-03
2.06511E+03,2.87887E-03
2.06657E+03,-1.94789E-03
2.06804E+03,1.40158E-03
2.06950E+03,1.46501E-03
2.07096E+03,2.73421E-02
2.07242E+03,1.50430E-02
2.07388E+03,4.19452E-03
2.07534E+03,-3.76484E-04
2.07680E+03,-1.09958E-02
2.07826E+03,-9.04993E-03
2.07972E+03,9.30979E-04
2.08117E+03,-1.98145E-02
2.08263E+03,-1.50082E-02
2.08409E+03,1.49611E-02
2.08555E+03,1.30337E-02
2.08701E+03,5.90302E-03
2.08846E+03,5.50812E-03
2.08992E+03,3.29219E-03
2.09138E+03,-5.16642E-03
2.09283E+03,-1.03083E-02
2.09429E+03,-6.14651E-03
2.09574E+03,1.59187E-02
2.09720E+03,-3.27991E-03
2.09865E+03,-1.37089E-04
2.10011E+03,1.61376E-02
2.10156E+03,-1.89163E-02
2.10302E+03,2.36325E-02
2.10447E+03,-8.05552E-03
2.10592E+03,-9.79676E-03
2.10738E+03,-2.57809E-04
2.10883E+03,-2.03772E-02
2.11028E+03,3.72801E-03
2.11173E+03,6.15060E-03
2.11319E+03,1.11738E-02
2.11464E+03,-1.06602E-03
2.11609E+03,-4.11881E-03
2.11754E+03,1.12700E-02
2.11899E+03,8.11486E-03
2.12044E+03,-1.14889E-02
2.12189E+03,-2.43916E-02
2.12334E+03,-8.41768E-03
2.12479E+03,-6.64780E-03
2.12624E+03,-7.13068E-03
2.12769E+03,7.94913E-03
2.12914E+03,1.10653E-02
2.13058E+03,1.40240E-02
2.13203E+03,1.67781E-04
2.13348E+03,3.80576E-03
2.13493E+03,-1.97040E-03
2.13637E+03,1.90349E-02
2.13782E+03,1.35862E-03
2.13927E+03,1.35166E-02
2.14071E+03,-2.55354E-03
2.14216E+03,2.54740E-03
2.14360E+03,3.07694E-02
2.14505E+03,3.64759E-02
2.14649E+03,2.94005E-02
2.14794E+03,5.15599E-02
2.14938E+03,1.59330E-02
2.15083E+03,1.32035E-02
2.15227E+03,1.23360E-02
2.15371E+03,1.68742E-02
2.15516E+03,1.42818E-03
2.15660E+03,7.52149E-03
2.15804E+03,1.22848E-02
2.15948E+03,1.97715E-02
2.16093E+03,2.89238E-02
2.16237E+03,2.03199E-02
2.16381E+03,1.66533E-02
2.16525E+03,6.66622E-03
2.16669E+03,-8.93944E-03
2.16813E+03,-4.51576E-03
2.16957E+03,1.43166E-02
2.17101E+03,-2.98322E-03
2.17245E+03,-2.93207E-03
2.17389E+03,-1.97633E-02
2.17533E+03,-1.22910E-02
2.17677E+03,-2.87478E-03
2.17820E+03,1.74103E-02
2.17964E+03,7.50921E-03
2.18108E+03,2.42054E-03
2.18252E+03,-1.31155E-03
2.18395E+03,7.15933E-03
2.18539E+03,1.07646E-02
2.18683E+03,1.08321E-02
2.18826E+03,-7.52149E-03
2.18970E+03,5.32806E-03
2.19113E+03,-1.87321E-02
2.19257E+03,-2.40336E-02
2.19400E+03,-1.36148E-02
2.19544E+03,6.49639E-03
2.19687E+03,1.24751E-02
2.19830E+03,8.56910E-03
2.19974E+03,1.71464E-03
2.20117E+03,-7.77521E-03
2.20260E+03,-9.07653E-03
2.20404E+03,9.00492E-03
2.20547E+03,1.16567E-02
2.20690E+03,3.08553E-03
2.20833E+03,6.00942E-03
2.20976E+03,-7.69745E-03
2.21120E+03,6.68463E-03
2.21263E+03,-1.06970E-02
2.21406E+03,-6.27541E-03
2.21549E+03,3.69118E-03
2.21692E+03,7.14091E-03
2.21835E+03,-1.66267E-02
2.21978E+03,1.66942E-02
2.22121E+03,2.18872E-02
2.22263E+03,-1.45683E-03
2.22406E+03,1.56057E-02
2.22549E+03,-2.69472E-03
2.22692E+03,3.96945E-04
2.22835E+03,-6.98336E-03
2.22977E+03,-1.40608E-02
2.23120E+03,4.05948E-03
2.23263E+03,-5.13573E-04
2.23405E+03,5.01296E-03
2.23548E+03,-4.58328E-04
2.23691E+03,6.79308E-04
2.23833E+03,-5.72910E-05
2.23976E+03,-3.63798E-03
2.24118E+03,7.74247E-03
2.24260E+03,1.42777E-02
2.24403E+03,6.89947E-03
2.24545E+03,2.83386E-03
2.24688E+03,-6.03397E-03
2.24830E+03,-2.04406E-02
2.24972E+03,-2.87478E-03
2.25115E+03,1.98063E-03
2.25257E+03,-2.70250E-02
2.25399E+03,-1.69827E-03
2.25541E+03,1.25079E-02
2.25683E+03,7.09590E-03
2.25826E+03,1.04679E-02
2.25968E+03,2.71928E-03
2.26110E+03,1.73346E-02
2.26252E+03,1.53806E-02
2.26394E+03,2.21798E-03
2.26536E+03,5.72501E-03
2.26678E+03,1.74083E-02
2.26820E+03,-5.57564E-03
2.26961E+03,5.69227E-03
2.27103E+03,2.35916E-03
2.27245E+03,-3.25126E-03
2.27387E+03,-8.13941E-03
2.27529E+03,-5.14187E-03
2.27670E+03,-1.82104E-03
2.27812E+03,-1.06398E-03
2.27954E+03,5.64930E-03
2.28095E+03,9.90316E-04
2.28237E+03,-1.11390E-02
2.28379E+03,-1.42634E-02
2.28520E+03,-1.06295E-02
2.28662E+03,6.47184E-03
2.28803E+03,1.09139E-02
2.28945E+03,7.18797E-03
2.29086E+03,1.64323E-02
2.29228E+03,8.25809E-03
2.29369E+03,8.77780E-04
2.29510E+03,-2.24929E-02
2.29652E+03,-2.35916E-02
2.29793E+03,2.34627E-02
2.29934E+03,2.65012E-02
2.30075E+03,7.68313E-03
2.30217E+03,6.74397E-03
2.30358E+03,2.96276E-03
2.30499E+03,-1.47054E-02
2.30640E+03,-9.88679E-03
2.30781E+03,-1.92314E-02
2.30922E+03,-1.50921E-02
2.31063E+03,2.07884E-03
2.31204E+03,1.43555E-02
2.31345E+03,4.29232E-02
2.31486E+03,1.85664E-02
2.31627E+03,-9.97273E-03
2.31768E+03,-3.84259E-03
2.31909E+03,1.31585E-02
2.32050E+03,1.13968E-03
2.32190E+03,-1.89347E-02
2.32331E+03,-1.00300E-02
2.32472E+03,2.85637E-03
2.32613E+03,4.25999E-03
2.32753E+03,-7.71996E-03
2.32894E+03,6.40431E-04
2.33035E+03,-3.41086E-03
2.33175E+03,-7.81613E-03
2.33316E+03,1.13620E-02
2.33456E+03,-1.02919E-02
2.33597E+03,1.71996E-02
2.33737E+03,1.78646E-02
2.33878E+03,1.39810E-02
2.34018E+03,-5.64521E-03
2.34158E+03,5.92348E-03
2.34299E+03,1.20720E-04
2.34439E+03,1.07359E-02
2.34579E+03,-5.34443E-03
2.34720E+03,1.14173E-03
2.34860E+03,1.44251E-03
2.35000E+03,-1.77193E-02
2.35140E+03,8.80440E-03
2.35280E+03,-1.24055E-02
2.35421E+03,-6.04420E-03
2.35561E+03,5.59815E-03
2.35701E+03,2.34075E-03
2.35841E+03,2.83181E-03
2.35981E+03,-9.71696E-03
2.36121E+03,-9.17474E-03
2.36261E+03,1.45478E-02
2.36401E+03,1.48629E-02
2.36540E+03,8.26423E-03
2.36680E+03,4.55873E-03
2.36820E+03,-7.81204E-03
2.36960E+03,-7.77111E-03
2.37100E+03,-1.02162E-02
2.37239E+03,3.51317E-03
2.37379E+03,1.03001E-02
2.37519E+03,3.68504E-03
2.37658E+03,7.25959E-03
2.37798E+03,1.16076E-02
2.37938E+03,1.56384E-02
2.38077E+03,2.45124E-03
2.38217E+03,-1.88569E-02
2.38356E+03,8.05348E-03
2.38496E+03,1.15032E-02
2.38635E+03,-1.55300E-03
2.38775E+03,-2.61370E-02
2.38914E+03,-7.30665E-03
2.39053E+03,2.70291E-03
2.39193E+03,4.04515E-03
2.39332E+03,2.34279E-03
2.39471E+03,1.13968E-03
2.39611E+03,1.73878E-02
2.39750E+03,-5.62679E-04
2.39889E+03,-1.57039E-02
2.40028E+03,-1.74942E-02
2.40167E+03,2.52080E-03
2.40306E+03,8.27241E-03
2.40445E+03,-7.45806E-03
2.40584E+03,-1.18347E-02
2.40723E+03,2.73769E-03
2.40862E+03,1.74840E-02
2.41001E+03,2.09787E-02
2.41140E+03,1.18347E-02
2.41279E+03,1.33120E-02
2.41418E+03,7.42941E-03
2.41557E+03,-1.37478E-02
2.41696E+03,6.95676E-04
2.41835E+03,-7.32302E-03
2.41973E+03,2.14841E-04
2.42112E+03,-1.37969E-02
2.42251E+03,-8.26627E-03
2.42389E+03,-1.22398E-02
2.42528E+03,-3.38283E-02
2.42667E+03,1.89674E-03
2.42805E+03,1.61029E-03
2.42944E+03,1.67085E-02
2.43082E+03,2.81176E-02
2.43221E+03,2.92164E-02
2.43359E+03,2.47088E-02
2.43498E+03,1.46522E-02
2.43636E+03,2.21184E-03
2.43775E+03,5.20325E-03
2.43913E+03,1.21048E-02
2.44051E+03,8.43201E-03
2.44190E+03,3.38221E-03
2.44328E+03,-6.96290E-03
2.44466E+03,-1.75822E-02
2.44604E+03,-2.05941E-02
2.44742E+03,-3.09167E-03
2.44881E+03,4.14132E-03
2.45019E+03,-1.22500E-02
2.45157E+03,9.55532E-04
2.45295E+03,1.14582E-04
2.45433E+03,7.24322E-03
2.45571E+03,1.77868E-02
2.45709E+03,8.34607E-03
2.45847E+03,1.71955E-02
2.45985E+03,-3.05075E-03
2.46123E+03,1.64671E-02
2.46261E+03,4.64466E-04
2.46398E+03,4.87178E-03
2.46536E+03,-2.23148E-02
2.46674E+03,-7.07135E-03
2.46812E+03,2.38044E-02
2.46949E+03,1.49079E-02
2.47087E+03,5.89893E-03
2.47225E+03,-1.57284E-02
2.47362E+03,1.12802E-02
2.47500E+03,3.90418E-02
2.47638E+03,3.01555E-02
2.47775E+03,2.24949E-02
2.47913E+03,2.39251E-02
2.48050E+03,2.87560E-02
2.48188E+03,2.19752E-02
2.48325E+03,4.84518E-03
2.48463E+03,-1.98472E-03
2.48600E+03,-2.97299E-03
2.48737E+03,1.00525E-02
2.48875E+03,1.37417E-02
2.49012E+03,7.74656E-03
2.49149E+03,5.74751E-03
2.49286E+03,1.80098E-02
2.49424E+03,9.20953E-03
2.49561E+03,2.65175E-03
2.49698E+03,2.23987E-02
2.49835E+03,-4.30501E-03
2.49972E+03,-2.35098E-02
2.50109E+03,-2.38065E-02
2.50246E+03,6.42478E-03
2.50383E+03,1.08710E-02
2.50520E+03,2.28816E-02
2.50657E+03,2.41707E-02
2.50794E+03,-6.02783E-03
2.50931E+03,1.78993E-02
2.51068E+03,-8.93740E-03
2.51205E+03,-1.09283E-02
2.51342E+03,9.69650E-03
2.51479E+03,-1.24628E-02
2.51615E+03,2.79109E-02
2.51752E+03,-2.27629E-02
2.51889E+03,-1.53970E-02
2.52025E+03,-1.15053E-02
2.52162E+03,7.71587E-03
2.52299E+03,2.21757E-02
2.52435E+03,-3.98582E-03
2.52572E+03,-1.24178E-02
2.52708E+03,6.53527E-03
2.52845E+03,1.72528E-02
2.52981E+03,1.12106E-02
2.53118E+03,8.53227E-03
2.53254E+03,1.06848E-02
2.53391E+03,-4.53213E-03
2.53527E+03,-5.95622E-03
2.53663E+03,-8.24581E-04
2.53800E+03,-5.22985E-03
2.53936E+03,-6.64576E-03
2.54072E+03,-1.46890E-02
2.54208E+03,-1.25856E-02
2.54345E+03,-2.73769E-03
2.54481E+03,-1.29805E-02
2.54617E+03,-1.15196E-03
2.54753E+03,9.01924E-03
2.54889E+03,9.40391E-03
2.55025E+03,1.80630E-02
2.55161E+03,1.74553E-02
2.55297E+03,4.24158E-03
2.55433E+03,2.11936E-02
2.55569E+03,7.19207E-03
2.55705E+03,-2.48807E-02
2.55841E+03,-1.45765E-02
2.55977E+03,-2.23148E-02
2.56113E+03,-6.68054E-03
2.56249E+03,6.60688E-03
2.56384E+03,2.88706E-03
2.56520E+03,-1.26470E-02
2.56656E+03,6.32247E-04
2.56792E+03,-1.01016E-02
2.56927E+03,2.66403E-02
2.57063E+03,9.83359E-03
2.57198E+03,2.12754E-02
2.57334E+03,2.45860E-02
2.57470E+03,2.04877E-02
2.57605E+03,1.68476E-02
2.57741E+03,2.68122E-02
2.57876E+03,2.09194E-02
2.58012E+03,1.68170E-02
2.58147E+03,-8.04325E-03
2.58282E+03,-2.55006E-02
2.58418E+03,-1.63095E-02
2.58553E+03,-5.51630E-03
2.58688E+03,2.61492E-03
2.58824E+03,-7.32506E-04
2.58959E+03,7.47034E-03
2.59094E+03,6.10354E-03
2.59229E+03,9.44688E-03
2.59365E+03,-5.12959E-03
2.59500E+03,-1.67331E-02
2.59635E+03,3.77711E-03
2.59770E+03,-4.00832E-03
2.59905E+03,1.55709E-03
2.60040E+03,2.48459E-02
2.60175E+03,-3.19602E-03
2.60310E+03,-1.78871E-02
2.60445E+03,-1.18265E-03
2.60580E+03,-1.37867E-02
2.60715E+03,1.98370E-02
2.60850E+03,1.00096E-02
2.60984E+03,3.28605E-03
2.61119E+03,-5.10708E-03
2.61254E+03,-1.96222E-02
2.61389E+03,5.19711E-04
2.61524E+03,-2.98527E-03
2.61658E+03,9.15633E-03
2.61793E+03,-9.20748E-04
2.61928E+03,-2.64766E-03
2.62062E+03,1.96733E-02
2.62197E+03,3.18743E-02
2.62331E+03,3.28298E-02
2.62466E+03,3.02517E-02
2.62600E+03,1.39749E-02
2.62735E+03,2.89524E-03
2.62869E+03,-1.71259E-03
2.63004E+03,-3.97763E-03
2.63138E+03,-3.68299E-04
2.63273E+03,-8.15783E-03
2.63407E+03,-1.38337E-02
2.63541E+03,-8.87397E-03
2.63676E+03,-1.36578E-02
2.63810E+03,-3.07530E-03
2.63944E+03,9.84996E-03
2.64078E+03,-6.54140E-03
2.64212E+03,7.90207E-03
2.64347E+03,3.14814E-02
2.64481E+03,9.18497E-03
2.64615E+03,5.21757E-04
2.64749E+03,1.08014E-02
2.64883E+03,4.14664E-02
2.65017E+03,1.73919E-04
2.65151E+03,5.16233E-03
2.65285E+03,-1.79423E-02
2.65419E+03,-5.20939E-03
2.65553E+03,-5.37410E-02
2.65687E+03,-1.04761E-02
2.65821E+03,4.13723E-03
2.65954E+03,7.27800E-03
2.66088E+03,6.11172E-03
2.66222E+03,1.28987E-02
2.66356E+03,2.18688E-02
2.66489E+03,9.99114E-03
2.66623E+03,-4.30501E-03
2.66757E+03,7.85705E-04
2.66890E+03,1.42757E-02
2.67024E+03,1.00750E-02
2.67158E+03,5.76798E-03
2.67291E+03,4.81858E-03
2.67425E+03,1.51351E-02
2.67558E+03,5.09071E-03
2.67692E+03,-1.99332E-02
2.67825E+03,-2.15455E-02
2.67958E+03,-1.37212E-02
2.68092E+03,-2.85432E-03
2.68225E+03,1.62604E-02
2.68359E+03,2.74015E-02
2.68492E+03,3.27970E-02
2.68625E+03,2.29389E-02
2.68758E+03,2.07925E-02
2.68892E+03,-7.60129E-03
2.69025E+03,-7.02429E-03
2.69158E+03,-2.16949E-02
2.69291E+03,-2.68715E-02
2.69424E+03,-5.69022E-03
2.69557E+03,1.43002E-02
2.69690E+03,-9.87451E-03
2.69824E+03,2.51262E-03
2.69957E+03,1.64057E-02
2.70090E+03,8.79826E-04
2.70222E+03,3.34416E-02
2.70355E+03,1.63852E-02
2.70488E+03,-9.57783E-03
2.70621E+03,2.03690E-02
2.70754E+03,-1.19288E-02
2.70887E+03,-3.18211E-02
2.71020E+03,-7.78134E-03
2.71152E+03,1.66389E-02
2.71285E+03,9.99728E-03
2.71418E+03,-9.39163E-04
2.71551E+03,-4.72446E-03
2.71683E+03,-5.00887E-03
2.71816E+03,7.44783E-04
2.71948E+03,4.85541E-03
2.72081E+03,1.72262E-02
2.72214E+03,7.68109E-03
2.72346E+03,3.26149E-03
2.72479E+03,1.02981E-02
2.72611E+03,6.86469E-03
2.72744E+03,-5.42832E-03
2.72876E+03,-4.64057E-03
2.73008E+03,-1.82717E-03
2.73141E+03,-1.31749E-02
2.73273E+03,-1.27125E-02
2.73405E+03,1.62195E-02
2.73538E+03,1.71750E-02
2.73670E+03,-1.11472E-02
2.73802E+03,-1.16894E-02
2.73934E+03,-1.63279E-03
2.74067E+03,5.10504E-03
2.74199E+03,-6.04625E-03
2.74331E+03,8.66526E-03
2.74463E+03,2.14023E-03
2.74595E+03,6.17720E-03
2.74727E+03,7.37212E-03
2.74859E+03,2.40172E-02
2.74991E+03,4.47688E-03
2.75123E+03,-8.14760E-03
2.75255E+03,-2.56971E-02
2.75387E+03,2.71150E-02
2.75519E+03,1.56670E-02
2.75651E+03,-2.51180E-02
2.75783E+03,-1.92743E-02
2.75914E+03,-3.80576E-04
2.76046E+03,-8.62434E-03
2.76178E+03,9.42232E-03
2.76310E+03,1.17242E-03
2.76441E+03,1.25611E-02
2.76573E+03,1.01016E-02
2.76705E+03,-2.61902E-03
2.76836E+03,1.83699E-02
2.76968E+03,6.04829E-03
2.77099E+03,4.97204E-03
2.77231E+03,1.26900E-02
2.77362E+03,1.12147E-02
2.77494E+03,1.96222E-02
2.77625E+03,2.62393E-02
2.77757E+03,1.72159E-02
2.77888E+03,-6.84627E-03
2.78020E+03,-8.73278E-03
2.78151E+03,4.75720E-03
2.78282E+03,-5.02933E-03
2.78414E+03,4.24567E-03
2.78545E+03,-3.64821E-03
2.78676E+03,-7.13887E-03
2.78807E+03,2.82465E-02
2.78939E+03,-7.00178E-03
2.79070E+03,-1.71259E-03
2.79201E+03,-7.50921E-04
2.79332E+03,6.51071E-03
2.79463E+03,1.41795E-02
2.79594E+03,-2.85432E-03
2.79725E+03,2.96481E-03
2.79856E+03,1.13047E-02
2.79987E+03,-1.30623E-02
2.80118E+03,-1.50614E-02
2.80249E+03,-8.91693E-03
2.80380E+03,-1.56916E-02
2.80511E+03,-1.51044E-02
2.80642E+03,8.95172E-03
2.80773E+03,3.26149E-03
2.80903E+03,8.31333E-03
2.81034E+03,7.38440E-03
2.81165E+03,2.04508E-02
2.81296E+03,5.76798E-03
2.81426E+03,4.76129E-03
2.81557E+03,1.24403E-03
2.81688E+03,-1.44251E-03
2.81818E+03,1.08444E-04
2.81949E+03,6.58028E-03
2.82079E+03,-3.99195E-03
2.82210E+03,1.76170E-03
2.82340E+03,-9.33025E-03
2.82471E+03,-9.30774E-03
2.82601E+03,-9.62284E-03
2.82732E+03,-5.72296E-03
2.82862E+03,7.29642E-03
2.82993E+03,1.14787E-03
2.83123E+03,6.64985E-04
2.83253E+03,4.33979E-03
2.83384E+03,1.60292E-02
2.83514E+03,2.04161E-02
2.83644E+03,6.96904E-03
2.83774E+03,-3.83850E-03
2.83904E+03,1.23483E-02
2.84035E+03,-3.65025E-03
2.84165E+03,-1.40977E-02
2.84295E+03,-1.27186E-02
2.84425E+03,-1.89920E-02
2.84555E+03,5.70659E-03
2.84685E+03,6.86060E-03
2.84815E+03,-9.84587E-03
2.84945E+03,5.05388E-03
2.85075E+03,-2.79294E-03
2.85205E+03,2.11915E-02
2.85335E+03,-5.15824E-03
2.85465E+03,6.22221E-03
2.85595E+03,1.00750E-02
2.85725E+03,1.19063E-02
2.85854E+03,-1.71771E-02
2.85984E+03,5.28714E-03
2.86114E+03,1.38665E-02
2.86244E+03,-1.34450E-02
2.86373E+03,-5.99305E-03
2.86503E+03,-1.17487E-02
2.86633E+03,4.21498E-04
2.86762E+03,1.22685E-02
2.86892E+03,7.01815E-04
2.87021E+03,4.06561E-03
2.87151E+03,-1.15973E-02
2.87280E+03,1.07011E-03
2.87410E+03,1.01344E-02
2.87539E+03,2.26709E-03
2.87669E+03,-7.98391E-03
2.87798E+03,1.43841E-03
2.87928E+03,1.65325E-03
2.88057E+03,-1.05988E-03
2.88186E+03,1.13579E-02
2.88316E+03,6.48616E-03
2.88445E+03,-4.18224E-03
2.88574E+03,-4.50962E-03
2.88703E+03,3.55000E-03
2.88833E+03,4.33775E-03
2.88962E+03,-7.37622E-03
2.89091E+03,1.57346E-03
2.89220E+03,1.92743E-03
2.89349E+03,-1.12843E-02
2.89478E+03,-3.88760E-05
2.89607E+03,-9.49394E-04
2.89736E+03,1.22766E-04
2.89865E+03,-1.07339E-02
2.89994E+03,1.57755E-02
2.90123E+03,-3.08962E-04
2.90252E+03,5.20120E-03
2.90381E+03,1.05477E-02
2.90510E+03,-3.68299E-04
2.90639E+03,2.44878E-02
2.90768E+03,1.43903E-02
2.90896E+03,4.77766E-03
2.91025E+03,1.44660E-03
2.91154E+03,-1.04638E-02
2.91283E+03,-1.00259E-03
2.91411E+03,3.02415E-03
2.91540E+03,-7.62379E-03
2.91669E+03,-1.37007E-02
2.91797E+03,-4.64875E-03
2.91926E+03,-1.51535E-02
2.92055E+03,5.59406E-03
2.92183E+03,1.82758E-02
2.92312E+03,1.07502E-02
2.92440E+03,-1.71464E-03
2.92569E+03,6.15469E-03
2.92697E+03,8.22535E-03
2.92825E+03,6.19561E-03
2.92954E+03,5.85800E-03
2.93082E+03,3.13054E-04
2.93210E+03,-2.01685E-02
2.93339E+03,-2.13920E-02
2.93467E+03,7.06725E-03
2.93595E+03,2.04201E-03
2.93724E+03,-1.02367E-02
2.93852E+03,1.30112E-02
2.93980E+03,1.70031E-02
2.94108E+03,9.69855E-03
2.94236E+03,-4.11881E-03
2.94364E+03,2.34893E-03
2.94492E+03,-3.32492E-03
2.94620E+03,-1.22275E-02
2.94748E+03,-7.04475E-03
2.94876E+03,-3.85077E-03
2.95004E+03,-4.29682E-03
2.95132E+03,1.75965E-03
2.95260E+03,5.96440E-03
2.95388E+03,-5.83140E-04
2.95516E+03,1.24813E-04
2.95644E+03,3.90806E-03
2.95772E+03,8.93944E-03
2.95900E+03,6.97722E-03
2.96027E+03,1.00136E-02
2.96155E+03,3.45383E-03
2.96283E+03,3.10394E-03
2.96410E+03,-1.22173E-02
2.96538E+03,8.15374E-03
2.96666E+03,-6.37362E-03
2.96793E+03,5.34034E-04
2.96921E+03,4.16587E-03
2.97049E+03,-1.37478E-02
2.97176E+03,4.51576E-03
2.97304E+03,-6.62939E-03
2.97431E+03,-9.05607E-03
2.97559E+03,-1.22766E-03
2.97686E+03,-9.82131E-05
2.97813E+03,8.95172E-03
2.97941E+03,5.45288E-03
2.98068E+03,8.94763E-03
2.98196E+03,8.76348E-03
2.98323E+03,-4.64466E-03
2.98450E+03,-5.11527E-03
2.98577E+03,-3.18374E-03
2.98705E+03,-7.95936E-03
2.98832E+03,-8.90261E-03
2.98959E+03,-6.02169E-03
2.99086E+03,1.54481E-03
2.99213E+03,1.31094E-02
2.99341E+03,8.69800E-03
2.99468E+03,1.00873E-02
2.99595E+03,1.48077E-02
2.99722E+03,5.29533E-03
2.99849E+03,-3.72596E-03
2.99976E+03,2.06248E-03
3.00103E+03,2.86455E-05
3.00230E+03,7.12045E-04
3.00357E+03,2.77043E-03
3.00483E+03,3.49475E-03
3.00610E+03,-4.95363E-03
3.00737E+03,-8.15987E-03
3.00864E+03,7.03247E-03
3.00991E+03,1.02408E-02
3.01117E+03,1.02285E-02
3.01244E+03,1.24608E-03
3.01371E+03,6.55982E-03
3.01498E+03,5.42218E-04
3.01624E+03,1.99905E-02
3.01751E+03,7.49489E-03
3.01878E+03,7.69745E-03
3.02004E+03,1.84334E-02
3.02131E+03,-1.82922E-02
3.02257E+03,-1.80835E-02
3.02384E+03,8.57319E-04
3.02510E+03,-1.89735E-02
3.02637E+03,-1.52558E-02
3.02763E+03,3.90193E-03
3.02890E+03,1.10121E-02
3.03016E+03,-5.17460E-03
3.03142E+03,-1.70236E-03
3.03269E+03,2.12591E-03
3.03395E+03,9.79676E-03
3.03521E+03,5.72501E-03
3.03647E+03,3.17556E-03
3.03774E+03,-6.51276E-03
3.03900E+03,-1.31503E-02
3.04026E+03,1.45274E-03
3.04152E+03,-6.50662E-04
3.04278E+03,1.00730E-02
3.04405E+03,9.61466E-03
3.04531E+03,6.86469E-03
3.04657E+03,2.73033E-02
3.04783E+03,2.54843E-02
3.04909E+03,4.31319E-03
3.05035E+03,1.08239E-03
3.05161E+03,1.14214E-02
3.05287E+03,4.91475E-03
3.05413E+03,1.44455E-03
3.05538E+03,1.69622E-03
3.05664E+03,1.29191E-02
3.05790E+03,1.33099E-02
3.05916E+03,9.90316E-04
3.06042E+03,-5.36285E-03
3.06167E+03,-3.25126E-03
3.06293E+03,-1.68497E-02
3.06419E+03,-7.91843E-04
3.06545E+03,1.19043E-02
3.06670E+03,1.00341E-02
3.06796E+03,1.48650E-02
3.06922E+03,1.25897E-02
3.07047E+03,2.15823E-02
3.07173E+03,5.55313E-03
3.07298E+03,2.88296E-03
3.07424E+03,2.54433E-02
3.07549E+03,2.79641E-02
3.07675E+03,2.34075E-03
3.07800E+03,3.35562E-03
3.07926E+03,2.70495E-03
3.08051E+03,-3.17556E-03
3.08176E+03,6.81354E-03
3.08302E+03,1.63689E-03
3.08427E+03,1.94114E-02
3.08552E+03,1.16301E-02
3.08678E+03,1.07830E-03
3.08803E+03,1.03779E-02
3.08928E+03,6.19152E-03
3.09053E+03,-1.06193E-03
3.09178E+03,-4.80835E-04
3.09303E+03,-4.85132E-03
3.09429E+03,7.12864E-03
3.09554E+03,9.82131E-03
3.09679E+03,1.62461E-03
3.09804E+03,-1.44455E-03
3.09929E+03,-5.60633E-04
3.10054E+03,-2.14023E-03
3.10179E+03,2.13000E-03
3.10304E+03,7.09795E-03
3.10429E+03,4.29682E-04
3.10554E+03,-2.57605E-03
3.10678E+03,-1.60415E-03
3.10803E+03,-3.30242E-03
3.10928E+03,-9.08471E-04
3.11053E+03,3.07530E-03
3.11178E+03,2.12795E-03
3.11302E+03,-8.19261E-03
3.11427E+03,-1.12434E-02
3.11552E+03,-7.82431E-03
3.11677E+03,1.43841E-03
3.11801E+03,8.82077E-03
3.11926E+03,2.02933E-02
3.12050E+03,3.18170E-03
3.12175E+03,-4.11267E-03
3.12300E+03,9.26886E-04
3.12424E+03,-1.06234E-02
3.12549E+03,7.24322E-04
3.12673E+03,3.58683E-03
3.12798E+03,8.18443E-03
3.12922E+03,4.14541E-03
3.13046E+03,-6.70918E-03
3.13171E+03,-5.98282E-03
3.13295E+03,-7.30869E-03
3.13419E+03,-1.12945E-02
3.13544E+03,2.10544E-03
3.13668E+03,9.76402E-03
3.13792E+03,1.79853E-03
3.13917E+03,1.90083E-03
3.14041E+03,4.71628E-03
3.14165E+03,-3.87737E-03
3.14289E+03,4.82881E-03
3.14413E+03,-2.83795E-03
3.14537E+03,-6.32042E-03
3.14662E+03,7.09795E-03
3.14786E+03,1.34450E-02
3.14910E+03,9.70469E-03
3.15034E+03,2.20038E-02
3.15158E+03,1.91025E-02
3.15282E+03,8.81258E-03
3.15406E+03,8.45042E-03
3.15529E+03,2.07046E-02
3.15653E+03,3.78530E-03
3.15777E+03,9.67604E-03
3.15901E+03,1.42961E-02
3.16025E+03,1.17774E-02
3.16149E+03,2.03997E-03
3.16272E+03,-2.83590E-03
3.16396E+03,-3.24103E-03
3.16520E+03,-9.89907E-03
3.16644E+03,3.43746E-03
3.16767E+03,1.15298E-02
3.16891E+03,1.33918E-02
3.17015E+03,7.05907E-04
3.17138E+03,4.26818E-03
3.17262E+03,1.62604E-02
3.17385E+03,7.84682E-03
3.17509E+03,2.53103E-03
3.17632E+03,1.28659E-02
3.17756E+03,3.33515E-03
3.17879E+03,1.32219E-02
3.18003E+03,2.89933E-03
3.18126E+03,8.63457E-03
3.18250E+03,8.03711E-03
3.18373E+03,4.59556E-03
3.18496E+03,7.27800E-03
3.18620E+03,7.69132E-03
3.18743E+03,4.76743E-03
3.18866E+03,5.21143E-03
3.18989E+03,-1.52026E-03
3.19113E+03,-8.32970E-03
3.19236E+03,7.91025E-03
3.19359E+03,1.49366E-03
3.19482E+03,-4.79198E-03
3.19605E+03,7.18184E-04
3.19728E+03,-9.69241E-03
3.19851E+03,-3.30855E-03
3.19975E+03,5.63089E-03
3.20098E+03,6.58028E-03
3.20221E+03,9.78653E-03
3.20344E+03,3.32492E-03
3.20467E+03,-1.48547E-03
3.20589E+03,-1.71259E-03
3.20712E+03,-1.49775E-03
3.20835E+03,-2.34279E-03
3.20958E+03,-8.78394E-03
3.21081E+03,-7.74656E-03
3.21204E+03,1.43227E-04
3.21327E+03,1.28352E-02
3.21449E+03,1.13559E-03
3.21572E+03,2.07823E-02
3.21695E+03,-5.10708E-03
3.21817E+03,-1.14009E-02
3.21940E+03,4.29682E-03
3.22063E+03,-5.63498E-03
3.22185E+03,-7.95731E-03
3.22308E+03,2.91161E-03
3.22431E+03,-1.29314E-03
3.22553E+03,-8.60593E-03
3.22676E+03,-1.94585E-03
3.22798E+03,-2.65994E-03
3.22921E+03,4.94749E-03
3.23043E+03,8.98446E-03
3.23165E+03,5.65339E-03
3.23288E+03,8.96809E-03
3.23410E+03,1.06909E-02
3.23533E+03,4.59146E-03
3.23655E+03,4.86360E-03
3.23777E+03,-4.77971E-03
3.23900E+03,-1.19206E-02
3.24022E+03,-7.12250E-03
3.24144E+03,-2.99550E-03
3.24266E+03,5.44878E-03
3.24388E+03,4.70400E-03
3.24511E+03,-8.63457E-04
3.24633E+03,5.90097E-03
3.24755E+03,3.19193E-04
3.24877E+03,-7.59310E-03
3.24999E+03,-5.58996E-03
3.25121E+03,-6.94039E-03
3.25243E+03,8.40950E-04
3.25365E+03,-1.11513E-03
3.25487E+03,1.48752E-03
3.25609E+03,1.17058E-02
3.25731E+03,9.66376E-03
3.25853E+03,-6.07694E-04
3.25975E+03,-6.42887E-03
3.26097E+03,1.45417E-02
3.26218E+03,-1.62870E-03
3.26340E+03,4.55668E-03
3.26462E+03,-1.33406E-03
3.26584E+03,-3.04461E-03
3.26706E+03,-8.10258E-04
3.26827E+03,5.91325E-03
3.26949E+03,2.19957E-02
3.27071E+03,1.41877E-02
3.27192E+03,1.56466E-02
3.27314E+03,2.06125E-02
3.27436E+03,1.13641E-02
3.27557E+03,-6.75215E-04
3.27679E+03,-1.73919E-04
3.27800E+03,-5.11936E-03
3.27922E+03,1.63484E-03
3.28043E+03,3.64821E-03
3.28165E+03,-5.11936E-03
3.28286E+03,-6.43296E-03
3.28407E+03,-1.73510E-03
3.28529E+03,-7.40895E-03
3.28650E+03,-3.72391E-04
3.28772E+03,-4.98022E-03
3.28893E+03,-2.44714E-03
3.29014E+03,8.96195E-03
3.29135E+03,7.70564E-03
3.29257E+03,1.44557E-02
3.29378E+03,1.46931E-02
3.29499E+03,2.00375E-02
3.29620E+03,2.41031E-03
3.29741E+03,4.31115E-03
3.29863E+03,-2.04406E-03
3.29984E+03,2.58219E-03
3.30105E+03,-3.44155E-03
3.30226E+03,7.22276E-03
3.30347E+03,-6.32247E-04
3.30468E+03,-4.05743E-03
3.30589E+03,1.36291E-02
3.30710E+03,3.27377E-03
3.30831E+03,-9.99932E-03
3.30952E+03,-1.44803E-02
3.31073E+03,-7.04065E-03
3.31193E+03,5.58383E-03
3.31314E+03,7.07953E-03
3.31435E+03,6.29792E-03
3.31556E+03,4.56077E-03
3.31677E+03,5.40172E-03
3.31797E+03,-6.16287E-03
3.31918E+03,4.80017E-03
3.32039E+03,-1.04556E-03
3.32160E+03,-4.40731E-03
3.32280E+03,8.64071E-03
3.32401E+03,1.45294E-02
3.32521E+03,1.25938E-02
3.32642E+03,-2.55559E-03
3.32763E+03,-1.26634E-02
3.32883E+03,-6.89538E-03
3.33004E+03,4.85337E-03
3.33124E+03,-3.52749E-03
3.33245E+03,-6.12604E-03
3.33365E+03,-6.40431E-04
3.33486E+03,-5.11118E-03
3.33606E+03,-1.02755E-02
3.33726E+03,5.77002E-03
3.33847E+03,1.55361E-02
3.33967E+03,1.17406E-02
3.34087E+03,1.41795E-03
3.34208E+03,7.51535E-03
3.34328E+03,-8.45042E-04
3.34448E+03,4.56896E-03
3.34568E+03,-3.54590E-03
3.34689E+03,-1.26654E-03
3.34809E+03,1.75147E-03
3.34929E+03,-1.00014E-02
3.35049E+03,-2.01746E-03
3.35169E+03,-3.30651E-03
3.35289E+03,-8.54659E-03
3.35409E+03,1.64589E-02
3.35529E+03,8.69186E-03
3.35649E+03,-4.36639E-03
3.35769E+03,3.16737E-03
3.35889E+03,4.86155E-03
3.36009E+03,-5.57360E-03
3.36129E+03,-1.05334E-02
3.36249E+03,-1.03738E-03
3.36369E+03,1.12331E-02
3.36489E+03,-6.80126E-03
3.36609E+03,-1.15196E-03
3.36728E+03,-9.03152E-03
3.36848E+03,3.32902E-03
3.36968E+03,7.50103E-03
3.37088E+03,6.59870E-03
3.37207E+03,6.81967E-03
3.37327E+03,9.97068E-03
3.37447E+03,2.74178E-03
3.37566E+03,-1.25017E-03
3.37686E+03,4.89020E-04
3.37806E+03,5.40172E-03
3.37925E+03,6.36953E-03
3.38045E+03,-2.38781E-03
3.38164E+03,-3.21853E-03
3.38284E+03,5.50403E-04
3.38403E+03,-1.04556E-03
3.38523E+03,2.65789E-03
3.38642E+03,5.00069E-03
3.38761E+03,6.00532E-03
3.38881E+03,-2.42259E-03
3.39000E+03,-2.94026E-03
3.39120E+03,-8.52817E-03
3.39239E+03,-9.00901E-03
3.39358E+03,-2.59856E-03
3.39477E+03,4.77766E-03
3.39597E+03,9.95636E-03
3.39716E+03,7.90207E-03
3.39835E+03,3.59296E-03
3.39954E+03,2.69677E-03
3.40073E+03,1.45274E-04
3.40193E+03,2.36939E-03
3.40312E+03,-6.32042E-03
3.40431E+03,-2.08294E-03
3.40550E+03,-1.53274E-02
3.40669E+03,-5.10504E-03
3.40788E+03,5.16233E-03
3.40907E+03,8.22330E-03
3.41026E+03,1.96651E-02
3.41145E+03,-2.13818E-03
3.41264E+03,1.63689E-03
3.41383E+03,-2.38985E-03
3.41502E+03,-4.30706E-03
3.41620E+03,-1.08873E-02
3.41739E+03,9.10927E-03
3.41858E+03,1.21682E-02
3.41977E+03,2.97095E-03
3.42096E+03,-3.04256E-03
3.42214E+03,9.10927E-03
3.42333E+03,-3.63184E-03
3.42452E+03,-1.04249E-02
3.42570E+03,-3.49270E-03
3.42689E+03,8.05143E-03
3.42808E+03,8.50362E-03
3.42926E+03,-3.18170E-03
3.43045E+03,2.86455E-03
3.43164E+03,6.88106E-03
3.43282E+03,1.14377E-03
3.43401E+03,-1.84150E-05
3.43519E+03,-9.12564E-04
3.43638E+03,1.12536E-02
3.43756E+03,2.56786E-02
3.43874E+03,2.46945E-02
3.43993E+03,2.41686E-02
3.44111E+03,2.79007E-02
3.44230E+03,2.26320E-02
3.44348E+03,-3.36789E-03
3.44466E+03,-2.66383E-02
3.44585E+03,-1.35125E-02
3.44703E+03,-8.93944E-03
3.44821E+03,-1.71668E-03
3.44939E+03,1.93725E-02
3.45058E+03,4.98227E-03
3.45176E+03,5.07025E-03
3.45294E+03,5.04161E-03
3.45412E+03,7.52763E-03
3.45530E+03,1.16833E-02
3.45648E+03,-7.11227E-03
3.45766E+03,4.56486E-03
3.45884E+03,1.44189E-02
3.46002E+03,1.50532E-02
3.46120E+03,2.25113E-02
3.46238E+03,6.97722E-03
3.46356E+03,1.33897E-02
3.46474E+03,3.48043E-03
3.46592E+03,3.94285E-03
3.46710E+03,8.91080E-03
3.46828E+03,2.26074E-02
3.46946E+03,1.39647E-02
3.47063E+03,1.13232E-02
3.47181E+03,1.58082E-02
3.47299E+03,2.19588E-02
3.47417E+03,1.44353E-02
3.47535E+03,1.49980E-03
3.47652E+03,1.34552E-02
3.47770E+03,1.51821E-02
3.47888E+03,1.38726E-03
3.48005E+03,1.83127E-03
3.48123E+03,6.73374E-03
3.48240E+03,2.30392E-03
3.48358E+03,-1.51351E-02
3.48476E+03,-1.20557E-02
3.48593E+03,-1.29314E-03
3.48711E+03,7.73428E-03
3.48828E+03,1.08996E-02
3.48946E+03,1.05354E-02
3.49063E+03,1.08751E-02
3.49180E+03,-2.25276E-03
3.49298E+03,-8.20693E-03
3.49415E+03,-5.56336E-03
3.49533E+03,4.19452E-04
3.49650E+03,1.01078E-03
3.49767E+03,-4.35207E-03
3.49884E+03,4.64262E-03
3.50002E+03,-7.01201E-03
3.50119E+03,-5.89893E-03
3.50236E+03,7.48875E-03
3.50353E+03,1.78216E-03
3.50470E+03,-1.50798E-03
3.50588E+03,-7.57060E-05
3.50705E+03,2.64766E-03
3.50822E+03,-1.25017E-03
3.50939E+03,6.16901E-03
3.51056E+03,1.03083E-02
3.51173E+03,-1.19186E-02
3.51290E+03,6.10763E-03
3.51407E+03,-5.75365E-03
3.51524E+03,8.59570E-03
3.51641E+03,-5.64112E-03
3.51758E+03,2.05634E-03
3.51875E+03,-4.25181E-03
3.51992E+03,9.49598E-03
3.52108E+03,3.02415E-03
3.52225E+03,7.96959E-03
3.52342E+03,5.76388E-03
3.52459E+03,-9.30979E-03
3.52576E+03,-3.72801E-03
3.52692E+03,6.20993E-03
3.52809E+03,-1.22357E-03
3.52926E+03,-1.56323E-03
3.53043E+03,-5.97872E-03
3.53159E+03,3.64821E-03
3.53276E+03,1.94380E-04
3.53392E+03,1.21928E-02
3.53509E+03,1.36578E-02
3.53626E+03,-1.12536E-03
3.53742E+03,-1.06398E-03
3.53859E+03,-1.35964E-02
3.53975E+03,-1.69111E-02
3.54092E+03,1.88856E-03
3.54208E+03,1.08137E-02
3.54325E+03,-2.24253E-03
3.54441E+03,-3.78121E-03
3.54557E+03,8.82691E-03
3.54674E+03,4.16792E-03
3.54790E+03,-5.74138E-03
3.54906E+03,1.04556E-03
3.55023E+03,1.29764E-02
3.55139E+03,4.18634E-03
3.55255E+03,1.66389E-02
3.55371E+03,1.82124E-02
3.55488E+03,1.02551E-02
3.55604E+03,1.66287E-02
3.55720E+03,6.56800E-03
3.55836E+03,1.21743E-02
3.55952E+03,-1.50389E-03
3.56068E+03,-5.76798E-03
3.56185E+03,-8.74711E-03
3.56301E+03,2.46556E-03
3.56417E+03,-3.97968E-03
3.56533E+03,1.25119E-02
3.56649E+03,-2.34279E-03
3.56765E+03,1.06745E-02
3.56881E+03,1.58614E-02
3.56996E+03,1.59760E-02
3.57112E+03,9.57783E-03
3.57228E+03,-3.17147E-04
3.57344E+03,-4.07789E-03
3.57460E+03,-3.39511E-02
3.57576E+03,-2.33911E-02
3.57692E+03,-2.10749E-04
3.57807E+03,6.67645E-03
3.57923E+03,3.04665E-03
3.58039E+03,3.26968E-03
3.58155E+03,-4.44005E-03
3.58270E+03,-2.08703E-03
3.58386E+03,-5.18074E-03
3.58502E+03,4.89633E-03
3.58617E+03,1.93869E-02
3.58733E+03,1.46644E-02
3.58848E+03,1.64814E-02
3.58964E+03,1.08873E-02
3.59079E+03,2.20632E-02
3.59195E+03,1.18879E-02
3.59310E+03,4.28455E-03
3.59426E+03,-7.03452E-03
3.59541E+03,-1.40977E-03
3.59657E+03,5.46720E-03
3.59772E+03,-3.99400E-03
3.59888E+03,-1.35984E-02
3.60003E+03,-5.10504E-03
3.60118E+03,-4.53417E-03
3.60234E+03,4.36844E-03
3.60349E+03,1.32526E-02
3.60464E+03,1.05579E-03
3.60579E+03,-1.87014E-03
3.60695E+03,2.16887E-03
3.60810E+03,4.88815E-03
3.60925E+03,1.57816E-02
3.61040E+03,1.63095E-02
3.61155E+03,6.38999E-03
3.61270E+03,6.38590E-03
3.61386E+03,2.98322E-03
3.61501E+03,-2.17092E-03
3.61616E+03,-5.51017E-03
3.61731E+03,-3.05688E-03
3.61846E+03,-1.18572E-02
3.61961E+03,2.97913E-03
3.62076E+03,1.29662E-02
3.62191E+03,1.14582E-03
3.62306E+03,-7.74861E-03
3.62420E+03,-1.17856E-03
3.62535E+03,-4.44005E-04
3.62650E+03,1.23483E-02
3.62765E+03,-3.46406E-03
3.62880E+03,4.14132E-03
3.62995E+03,1.56936E-03
3.63109E+03,6.91993E-03
3.63224E+03,3.45178E-03
3.63339E+03,2.01746E-03
3.63454E+03,4.36025E-03
3.63568E+03,-1.04229E-02
3.63683E+03,-1.24956E-02
3.63798E+03,-6.25290E-03
3.63912E+03,9.40391E-03
3.64027E+03,3.70550E-03
3.64141E+03,3.89170E-03
3.64256E+03,2.75406E-03
3.64370E+03,2.53922E-03
3.64485E+03,6.50662E-03
3.64599E+03,-2.84000E-03
3.64714E+03,-1.60824E-03
3.64828E+03,-5.23803E-03
3.64943E+03,9.50826E-03
3.65057E+03,1.03615E-02
3.65172E+03,4.47893E-03
3.65286E+03,1.18817E-02
3.65400E+03,6.32042E-03
3.65515E+03,-5.19302E-03
3.65629E+03,-7.15933E-03
3.65743E+03,-1.19513E-02
3.65857E+03,-7.41509E-03
3.65972E+03,-5.57973E-03
3.66086E+03,2.37348E-04
3.66200E+03,2.87069E-03
3.66314E+03,5.86414E-03
3.66428E+03,4.13314E-03
3.66543E+03,-1.81080E-03
3.66657E+03,2.76838E-03
3.66771E+03,8.58956E-03
3.66885E+03,1.25181E-02
3.66999E+03,1.68599E-02
3.67113E+03,2.05859E-02
3.67227E+03,2.82035E-02
3.67341E+03,2.06718E-02
3.67455E+03,7.29642E-03
3.67569E+03,1.06029E-02
3.67683E+03,8.49339E-03
3.67797E+03,-3.87533E-03
3.67910E+03,-1.14377E-02
3.68024E+03,1.42818E-03
3.68138E+03,2.61697E-03
3.68252E+03,-6.85446E-04
3.68366E+03,-1.33611E-03
3.68479E+03,2.65175E-03
3.68593E+03,1.12004E-02
3.68707E+03,8.36449E-03
3.68821E+03,-1.09589E-02
3.68934E+03,-1.96856E-02
3.69048E+03,-6.55368E-03
3.69162E+03,-2.27527E-03
3.69275E+03,1.31299E-02
3.69389E+03,3.28196E-03
3.69502E+03,1.36925E-02
3.69616E+03,9.11131E-03
3.69729E+03,-3.26149E-03
3.69843E+03,5.39968E-03
3.69956E+03,-2.71518E-03
3.70070E+03,-3.03028E-03
3.70183E+03,3.76484E-03
3.70297E+03,6.75420E-03
3.70410E+03,2.01951E-03
3.70523E+03,-1.50246E-02
3.70637E+03,5.55518E-03
3.70750E+03,6.93221E-03
3.70863E+03,1.04024E-02
3.70977E+03,1.57673E-02
3.71090E+03,2.34545E-02
3.71203E+03,1.35309E-02
3.71317E+03,-3.92239E-03
3.71430E+03,1.78502E-02
3.71543E+03,8.34607E-03
3.71656E+03,1.34532E-02
3.71769E+03,1.99598E-02
3.71882E+03,1.07687E-02
3.71995E+03,-2.47579E-04
3.72109E+03,2.00928E-03
3.72222E+03,6.84423E-03
3.72335E+03,-8.83304E-03
3.72448E+03,5.66772E-04
3.72561E+03,8.05757E-03
3.72674E+03,7.80590E-03
3.72787E+03,1.27329E-02
3.72900E+03,3.55409E-03
3.73012E+03,3.70550E-03
3.73125E+03,1.13559E-02
3.73238E+03,1.66144E-02
3.73351E+03,2.11158E-03
3.73464E+03,-2.95662E-03
3.73577E+03,-3.49270E-03
3.73689E+03,-4.56691E-03
3.73802E+03,-7.60129E-03
3.73915E+03,-3.41700E-03
3.74028E+03,-9.15428E-03
3.74140E+03,-3.77302E-03
3.74253E+03,-3.04870E-04
3.74366E+03,1.77193E-03
3.74478E+03,4.43801E-03
3.74591E+03,7.96549E-03
3.74704E+03,1.27718E-02
3.74816E+03,1.08096E-02
3.74929E+03,1.48384E-02
3.75041E+03,1.59126E-02
3.75154E+03,1.66614E-02
3.75266E+03,2.35486E-02
3.75379E+03,1.55525E-02
3.75491E+03,7.60947E-03
3.75604E+03,8.11691E-03
3.75716E+03,1.25385E-02
3.75828E+03,6.84423E-03
3.75941E+03,4.56896E-03
3.76053E+03,-1.91311E-03
3.76165E+03,2.63129E-03
3.76278E+03,8.78394E-03
3.76390E+03,4.86973E-04
3.76502E+03,6.27132E-03
3.76615E+03,5.15619E-04
3.76727E+03,-2.37144E-03
3.76839E+03,-1.61376E-02
3.76951E+03,-1.61642E-04
3.77063E+03,4.97613E-03
3.77175E+03,8.71642E-04
3.77288E+03,1.48547E-03
3.77400E+03,1.58553E-02
3.77512E+03,-6.32452E-03
3.77624E+03,-3.76893E-03
3.77736E+03,-8.98036E-03
3.77848E+03,-6.22016E-04
3.77960E+03,6.96086E-03
3.78072E+03,1.86196E-03
3.78184E+03,-6.71123E-04
3.78296E+03,-6.75215E-04
3.78408E+03,4.76743E-04
3.78519E+03,3.28809E-03
3.78631E+03,6.71123E-04
3.78743E+03,9.94408E-04
3.78855E+03,3.13054E-04
3.78967E+03,5.23803E-03
3.79079E+03,-7.23708E-03
3.79190E+03,-4.34798E-03
3.79302E+03,-7.40691E-04
3.79414E+03,-2.09931E-03
3.79525E+03,-2.64766E-03
3.79637E+03,-6.15060E-03
3.79749E+03,1.27022E-02
3.79860E+03,8.51385E-03
3.79972E+03,1.42634E-02
3.80084E+03,2.45021E-02
3.80195E+03,3.07039E-02
3.80307E+03,2.63477E-02
3.80418E+03,2.45901E-02
3.80530E+03,1.40179E-02
3.80641E+03,1.67638E-02
3.80753E+03,-5.23599E-03
3.80864E+03,-7.31074E-03
3.80976E+03,1.04965E-03
3.81087E+03,-2.73565E-03
3.81198E+03,4.94749E-03
3.81310E+03,2.94435E-03
3.81421E+03,-5.77821E-03
3.81532E+03,-9.59215E-03
3.81644E+03,4.15769E-03
3.81755E+03,-6.92812E-03
3.81866E+03,-2.78884E-03
3.81978E+03,1.69663E-02
3.82089E+03,6.67645E-03
3.82200E+03,1.02449E-02
3.82311E+03,6.63757E-03
3.82422E+03,-6.48616E-04
3.82533E+03,7.03247E-03
3.82645E+03,2.00212E-02
3.82756E+03,1.74328E-02
3.82867E+03,9.40186E-03
3.82978E+03,1.25651E-02
3.83089E+03,1.74226E-02
3.83200E+03,2.12550E-02
3.83311E+03,1.81981E-02
3.83422E+03,1.55054E-02
3.83533E+03,1.64609E-02
3.83644E+03,9.61466E-03
3.83755E+03,5.81913E-03
3.83865E+03,6.77466E-03
3.83976E+03,4.48507E-03
3.84087E+03,9.89702E-03
3.84198E+03,1.51780E-02
3.84309E+03,1.42757E-02
3.84420E+03,8.28059E-03
3.84530E+03,2.00518E-04
3.84641E+03,-1.19922E-02
3.84752E+03,-1.23687E-02
3.84863E+03,-1.65857E-02
3.84973E+03,-1.53806E-02
3.85084E+03,-1.92211E-02
3.85195E+03,-2.11138E-02
3.85305E+03,-9.16451E-03
3.85416E+03,-6.21812E-03
3.85526E+03,-1.18326E-02
3.85637E+03,-3.24513E-03
3.85747E+03,7.96959E-03
3.85858E+03,5.99305E-03
3.85969E+03,5.75365E-03
3.86079E+03,1.12229E-02
3.86189E+03,6.43501E-03
3.86300E+03,-9.32820E-03
3.86410E+03,-3.96126E-03
3.86521E+03,-1.10265E-02
3.86631E+03,-7.29846E-03
3.86741E+03,-3.08758E-03
3.86852E+03,3.46406E-03
3.86962E+03,1.22725E-02
3.87072E+03,5.69432E-03
3.87183E+03,1.73919E-03
3.87293E+03,-1.27882E-03
3.87403E+03,1.98268E-03
3.87513E+03,1.63075E-03
3.87624E+03,9.65762E-04
3.87734E+03,3.61138E-03
3.87844E+03,3.21239E-04
3.87954E+03,7.33529E-03
3.88064E+03,-5.36080E-04
3.88174E+03,2.72132E-04
3.88284E+03,-6.54754E-04
3.88394E+03,2.56173E-03
3.88504E+03,5.42218E-04
3.88614E+03,-7.59106E-03
3.88724E+03,6.56800E-04
3.88834E+03,-1.69213E-03
3.88944E+03,-2.09317E-03
3.89054E+03,1.00464E-03
3.89164E+03,1.78830E-03
3.89274E+03,6.77261E-03
3.89384E+03,7.51330E-03
3.89494E+03,2.65994E-03
3.89604E+03,-5.21757E-04
3.89713E+03,1.19083E-03
3.89823E+03,5.52858E-03
3.89933E+03,1.74533E-03
3.90043E+03,8.88010E-04
3.90152E+03,-7.36394E-03
3.90262E+03,-2.50648E-03
3.90372E+03,5.34034E-04
3.90482E+03,3.02824E-03
3.90591E+03,1.69213E-03
3.90701E+03,-3.61342E-03
3.90810E+03,6.83400E-03
3.90920E+03,-2.69882E-03
3.91030E+03,-2.96276E-03
3.91139E+03,-2.32029E-03
3.91249E+03,5.59815E-03
3.91358E+03,2.10544E-03
3.91468E+03,5.52040E-03
3.91577E+03,4.38072E-03
3.91687E+03,-2.18729E-03
3.91796E+03,-5.62679E-04
3.91905E+03,-2.84204E-03
3.92015E+03,-1.71464E-03
3.92124E+03,9.63716E-04
3.92233E+03,-1.92743E-03
3.92343E+03,2.84409E-04
3.92452E+03,-1.57550E-04
3.92561E+03,1.20720E-03
3.92671E+03,-5.15619E-04
3.92780E+03,-1.16628E-03
3.92889E+03,2.16478E-03
3.92998E+03,5.58792E-03
3.93108E+03,7.07748E-03
3.93217E+03,7.49284E-03
3.93326E+03,5.03956E-03
3.93435E+03,-5.31988E-05
3.93544E+03,-1.71873E-03
3.93653E+03,-5.98282E-03
3.93762E+03,1.74124E-03
3.93871E+03,7.49080E-03
3.93980E+03,5.61656E-03
3.94089E+03,5.85187E-04
3.94198E+03,-2.80317E-04
3.94307E+03,2.13614E-03
3.94416E+03,1.42204E-03
3.94525E+03,8.16397E-04
3.94634E+03,-1.00259E-04
3.94743E+03,-3.27377E-05
3.94852E+03,-7.81613E-03
3.94961E+03,-8.78803E-03
3.95069E+03,-3.55000E-03
3.95178E+03,1.54481E-03
3.95287E+03,3.70755E-03
3.95396E+03,5.45492E-03
3.95505E+03,2.57605E-03
3.95613E+03,4.97204E-04
3.95722E+03,-2.63334E-03
3.95831E+03,3.51521E-03
3.95939E+03,2.10749E-03
3.96048E+03,8.49134E-04
3.96157E+03,1.57550E-03
3.96265E+03,-1.76784E-03
3.96374E+03,-9.78244E-03
3.96482E+03,-1.01078E-03
3.96591E+03,-8.38904E-05
3.96699E+03,1.68599E-03
3.96808E+03,5.27077E-03
3.96916E+03,-1.88856E-03
3.97025E+03,3.16328E-03
3.97133E+03,6.81763E-03
3.97242E+03,-2.13204E-03
3.97350E+03,-4.55873E-03
3.97459E+03,1.76579E-03
3.97567E+03,2.25072E-03
3.97675E+03,4.21089E-03
3.97784E+03,2.60674E-03
3.97892E+03,3.93876E-03
3.98000E+03,2.09931E-03
3.98108E+03,5.95213E-03
3.98217E+03,-2.35507E-03
3.98325E+03,5.94189E-03
3.98433E+03,3.02415E-03
3.98541E+03,-4.62420E-03
3.98649E+03,-4.74697E-04
3.98758E+03,-2.61697E-03
3.98866E+03,-3.53772E-03
3.98974E+03,-1.57550E-03
3.99082E+03,3.86305E-03
3.99190E+03,8.73688E-04
3.99298E+03,3.87737E-03
3.99406E+03,3.00369E-03
3.99514E+03,2.27322E-03
3.99622E+03,-2.26709E-03
3.99730E+03,-1.39749E-03
3.99838E+03,-5.27691E-03
