X-Axis,Norm
9.69006E+02,0.0435671405504389
9.69706E+02,0.0176351064885393
9.70405E+02,0.0615076404737635
9.71105E+02,0.0877948618490488
9.71804E+02,0.0394433369115166
9.72503E+02,0.0689349116429274
9.73202E+02,0.0653313954012827
9.73901E+02,0.0493702021523224
9.74600E+02,0.0520597706955808
9.75299E+02,0.0492545802249745
9.75998E+02,0.0829002679127164
9.76697E+02,0.0536509331841923
9.77395E+02,0.0517156562057425
9.78094E+02,0.0670519452988986
9.78792E+02,0.061094721127218
9.79490E+02,0.0851466303435958
9.80188E+02,0.0423531215890742
9.80886E+02,0.0355452519913041
9.81584E+02,0.0605441469641069
9.82282E+02,0.0729293368934754
9.82980E+02,0.0528333280712991
9.83678E+02,0.0387248211660067
9.84375E+02,0.0473908954779581
9.85073E+02,0.0601917785976528
9.85770E+02,0.052189149083955
9.86467E+02,0.0248421389718286
9.87165E+02,0.0740993126279802
9.87862E+02,0.101286792895352
9.88559E+02,0.0719025185599466
9.89256E+02,0.0884335224658795
9.89952E+02,0.0711619924767944
9.90649E+02,0.0327125485986451
9.91346E+02,0.0348735533164347
9.92042E+02,0.0632116826181477
9.92739E+02,0.0436469731275427
9.93435E+02,0.0949083052942079
9.94131E+02,0.0758171112333908
9.94828E+02,0.0277657252135634
9.95524E+02,0.0602000324742687
9.96220E+02,0.0506668049829961
9.96915E+02,0.0231408481196496
9.97611E+02,0.0559330691792129
9.98307E+02,0.0711454621719873
9.99002E+02,0.0621848642846189
9.99698E+02,0.0744819677602677
1.00039E+03,0.092463714515096
1.00109E+03,0.0539620096159918
1.00178E+03,0.0621986207456453
1.00248E+03,0.0413923793716229
1.00317E+03,0.0476854416049505
1.00387E+03,0.0341688165835265
1.00456E+03,0.0430028099263015
1.00526E+03,0.0500363982427812
1.00595E+03,0.0663417059815799
1.00665E+03,0.0521148190912617
1.00734E+03,0.0888739547344778
1.00804E+03,0.0526984380778841
1.00873E+03,0.0905091694705792
1.00942E+03,0.0644009173980894
1.01012E+03,0.0459786707199365
1.01081E+03,0.0584629748234212
1.01151E+03,0.0428871879989536
1.01220E+03,0.0606955582416988
1.01289E+03,0.0829140243737428
1.01359E+03,0.0885683808870888
1.01428E+03,0.0411280974588885
1.01497E+03,0.0447756569273929
1.01567E+03,0.0579013729399136
1.01636E+03,0.0626941465130754
1.01705E+03,0.0609570663106525
1.01775E+03,0.0542648254057028
1.01844E+03,0.0566047723643974
1.01913E+03,0.0253486473565043
1.01983E+03,0.038529366661555
1.02052E+03,0.0700966335008164
1.02121E+03,0.0797949159728299
1.02190E+03,0.0571415878113245
1.02260E+03,0.073766203306963
1.02329E+03,0.0672143617453115
1.02398E+03,0.0397929539857654
1.02467E+03,0.0454913988291222
1.02536E+03,0.040720658145178
1.02606E+03,0.0474707280550619
1.02675E+03,0.0617719223864979
1.02744E+03,0.0672336433423239
1.02813E+03,0.0521093165068512
1.02882E+03,0.0542345431501845
1.02951E+03,0.062573022001317
1.03021E+03,0.0258276428191273
1.03090E+03,0.0675089304238794
1.03159E+03,0.0624491236457779
1.03228E+03,0.0594512525145007
1.03297E+03,0.0277546749415914
1.03366E+03,0.0867074248807022
1.03435E+03,0.0855263988742254
1.03504E+03,0.0785424014721668
1.03573E+03,0.0525497826028126
1.03642E+03,0.0542565670187719
1.03711E+03,0.0320243647221195
1.03780E+03,0.0576701290852179
1.03849E+03,0.0423228348232408
1.03918E+03,0.0123081988507717
1.03987E+03,0.0554155285638255
1.04056E+03,0.0767613456976104
1.04125E+03,0.0440213743832144
1.04194E+03,0.0856779454612699
1.04263E+03,0.099535888577176
1.04332E+03,0.0331007063153432
1.04401E+03,0.0584189090449859
1.04470E+03,0.0587630235348241
1.04539E+03,0.0687394571384757
1.04608E+03,0.0546254523395004
1.04677E+03,0.0371364235005458
1.04746E+03,0.0423724031860866
1.04815E+03,0.0286905653228935
1.04883E+03,0.0612378559766185
1.04952E+03,0.0396387914159683
1.05021E+03,0.0247650125837791
1.05090E+03,0.0874782377296878
1.05159E+03,0.0843262040286134
1.05228E+03,0.0572792200763145
1.05297E+03,0.0536316628629676
1.05365E+03,0.0650671134885483
1.05434E+03,0.0811798082214023
1.05503E+03,0.0637952948392975
1.05572E+03,0.0407399397421904
1.05641E+03,0.0744599348710501
1.05709E+03,0.0516248184598176
1.05778E+03,0.0498024030958803
1.05847E+03,0.0554513156589119
1.05916E+03,0.0618104630289472
1.05984E+03,0.0561312772310274
1.06053E+03,0.0508127136761774
1.06122E+03,0.0609598176028577
1.06190E+03,0.0547713547633438
1.06259E+03,0.0822147000189433
1.06328E+03,0.0482332644758563
1.06396E+03,0.0292714939065643
1.06465E+03,0.0476496522547065
1.06534E+03,0.0613121859693118
1.06602E+03,0.0934850753673652
1.06671E+03,0.0750462983844052
1.06740E+03,0.0675584762351498
1.06808E+03,0.0729403420622965
1.06877E+03,0.0472147000189433
1.06946E+03,0.0527232132386769
1.07014E+03,0.0798941429048233
1.07083E+03,0.0514871636432521
1.07151E+03,0.028613438934844
1.07220E+03,0.0683320403763407
1.07288E+03,0.0717511072823548
1.07357E+03,0.0397791749731636
1.07425E+03,0.0779479419432242
1.07494E+03,0.0685412513418187
1.07562E+03,0.0575655348782666
1.07631E+03,0.0728742884977945
1.07699E+03,0.0243658496982599
1.07768E+03,0.0593053438213194
1.07836E+03,0.0589612293314811
1.07905E+03,0.0630244819903118
1.07973E+03,0.0732954617209558
1.08042E+03,0.0730862507554778
1.08110E+03,0.067586011708778
1.08179E+03,0.0709995760303815
1.08247E+03,0.0520955600458248
1.08316E+03,0.0689404142273379
1.08384E+03,0.0509503684927429
1.08452E+03,0.0891217965487069
1.08521E+03,0.0758804135056875
1.08589E+03,0.0714427821427605
1.08657E+03,0.0999350514626952
1.08726E+03,0.080849427641015
1.08794E+03,0.0603074005250007
1.08863E+03,0.0536371699576933
1.08931E+03,0.0562221217424249
1.08999E+03,0.0479855128679289
1.09068E+03,0.0597182857194404
1.09136E+03,0.0638971377540435
1.09204E+03,0.0807145692198057
1.09272E+03,0.0796106696013784
1.09341E+03,0.0938456750588596
1.09409E+03,0.0902723779283221
1.09477E+03,0.0762190254111152
1.09545E+03,0.0648771615685072
1.09614E+03,0.0509503684927429
1.09682E+03,0.0711950305348332
1.09750E+03,0.0802849617074249
1.09818E+03,0.0569048413722183
1.09887E+03,0.0501079769432693
1.09955E+03,0.0374557538089611
1.10023E+03,0.0635998403348458
1.10091E+03,0.0664077595460819
1.10159E+03,0.0409216152340403
1.10227E+03,0.0403627871943134
1.10296E+03,0.0612378559766185
1.10364E+03,0.0615214194863653
1.10432E+03,0.070627926066915
1.10500E+03,0.0729761314125405
1.10568E+03,0.0369519741649152
1.10636E+03,0.0422567812587387
1.10704E+03,0.050655799814175
1.10772E+03,0.0558229543465907
1.10840E+03,0.104323137014352
1.10909E+03,0.0791122797838657
1.10977E+03,0.0985751914628756
1.11045E+03,0.0822038752627259
1.11113E+03,0.078594721127218
1.11181E+03,0.0754564889903209
1.11249E+03,0.0376099163787582
1.11317E+03,0.0235675239272216
1.11385E+03,0.0518257755486798
1.11453E+03,0.0570947932922594
1.11521E+03,0.0736533552233959
1.11589E+03,0.0398204669078182
1.11657E+03,0.0711702463534103
1.11725E+03,0.0631346013332491
1.11793E+03,0.0456373075223035
1.11860E+03,0.0711179492499346
1.11928E+03,0.0533068232046691
1.11996E+03,0.0664050082538766
1.12064E+03,0.0561698178734766
1.12132E+03,0.0927307251684603
1.12200E+03,0.0554458108193438
1.12268E+03,0.0642907980551521
1.12336E+03,0.0720153891950892
1.12404E+03,0.0649790270348287
1.12472E+03,0.0516330723364334
1.12539E+03,0.0671675672262464
1.12607E+03,0.0743608432485093
1.12675E+03,0.0694992422670648
1.12743E+03,0.0477322361240156
1.12811E+03,0.0646486915575922
1.12878E+03,0.0577802484281552
1.12946E+03,0.0438148921583662
1.13014E+03,0.0635723048612176
1.13082E+03,0.0790489098568426
1.13150E+03,0.0532655312700145
1.13217E+03,0.0314380237603399
1.13285E+03,0.0644009173980894
1.13353E+03,0.0535022777091208
1.13421E+03,0.0602027837664739
1.13488E+03,0.0410895568164392
1.13556E+03,0.0479221880440568
1.13624E+03,0.0603184056938218
1.13691E+03,0.0601229511893701
1.13759E+03,0.0647587883489541
1.13827E+03,0.0243520932372336
1.13894E+03,0.0539675144555599
1.13962E+03,0.0574416365227275
1.14030E+03,0.04632553650198
1.14097E+03,0.0907376169299187
1.14165E+03,0.0720043614746926
1.14233E+03,0.049962068250088
1.14300E+03,0.0824433729940374
1.14368E+03,0.0491196992521898
1.14435E+03,0.0796573513625662
1.14503E+03,0.0814743317968193
1.14571E+03,0.0216459041828662
1.14638E+03,0.0845217261877915
1.14706E+03,0.0645413235068602
1.14773E+03,0.0625151997618554
1.14841E+03,0.0605028550294524
1.14908E+03,0.0624546262301884
1.14976E+03,0.0472890300116366
1.15043E+03,0.0699094328729805
1.15111E+03,0.0513853207285061
1.15178E+03,0.0442636234067312
1.15246E+03,0.0516991484525109
1.15313E+03,0.0509173304347042
1.15381E+03,0.0590520896289815
1.15448E+03,0.0488113741125955
1.15516E+03,0.048230513183651
1.15583E+03,0.0706086670214781
1.15651E+03,0.0514871636432521
1.15718E+03,0.055740368222124
1.15785E+03,0.0435753944270547
1.15853E+03,0.0492518289327693
1.15920E+03,0.0487948663593639
1.15988E+03,0.0580004871140298
1.16055E+03,0.0516220671676123
1.16122E+03,0.0522772580892501
1.16190E+03,0.0892979243529953
1.16257E+03,0.0567837078398297
1.16325E+03,0.0624711565349955
1.16392E+03,0.0648221131728263
1.16459E+03,0.048907714442931
1.16526E+03,0.0378053708832099
1.16594E+03,0.0737799823195649
1.16661E+03,0.0716905337506878
1.16728E+03,0.0425788628593594
1.16796E+03,0.0519524026448488
1.16863E+03,0.0522194358497885
1.16930E+03,0.036660179330128
1.16997E+03,0.0948036659841057
1.17065E+03,0.0423063270700091
1.17132E+03,0.0342871898030796
1.17199E+03,0.0438534328008155
1.17266E+03,0.061166299827706
1.17334E+03,0.0858651235375304
1.17401E+03,0.0775762919797577
1.17468E+03,0.0719190263131783
1.17535E+03,0.0554678324327738
1.17602E+03,0.0523543168225732
1.17670E+03,0.0605441469641069
1.17737E+03,0.0586061096728218
1.17804E+03,0.0497005601811343
1.17871E+03,0.0704655096205021
1.17938E+03,0.0544162344281372
1.18005E+03,0.0683320403763407
1.18072E+03,0.0630217306981066
1.18139E+03,0.0341936007649494
1.18207E+03,0.00305573847388979
1.18274E+03,0.0557734017698476
1.18341E+03,0.0810366057172754
1.18408E+03,0.0730834994632725
1.18475E+03,0.0765603886087482
1.18542E+03,0.0552613682491859
1.18609E+03,0.0624381184769568
1.18676E+03,0.0555228898490849
1.18743E+03,0.0648413722182632
1.18810E+03,0.0634401751806381
1.18877E+03,0.0442856337443734
1.18944E+03,0.0134037543862814
1.19011E+03,0.0260175270844421
1.19078E+03,0.0404095817133785
1.19145E+03,0.0387661131006612
1.19212E+03,0.0821653120687011
1.19279E+03,0.0921829474007054
1.19346E+03,0.104559928556609
1.19413E+03,0.0756822077090306
1.19480E+03,0.0558174495070226
1.19547E+03,0.0645605825522971
1.19614E+03,0.0380669015037391
1.19680E+03,0.0406022849256249
1.19747E+03,0.0433992215196154
1.19814E+03,0.0393552279062215
1.19881E+03,0.0435698918426441
1.19948E+03,0.0805988796377315
1.20015E+03,0.0586776883733098
1.20082E+03,0.0617030949782152
1.20149E+03,0.0553907534030327
1.20215E+03,0.0815706270240039
1.20282E+03,0.0568002268688491
1.20349E+03,0.0650863950855607
1.20416E+03,0.0485773789656945
1.20483E+03,0.0656837637677368
1.20549E+03,0.0599164915160973
1.20616E+03,0.0722025672713496
1.20683E+03,0.0678089791352824
1.20750E+03,0.0378356576490434
1.20816E+03,0.0657140505335703
1.20883E+03,0.0770283789025501
1.20950E+03,0.0764007234545405
1.21017E+03,0.054581406226039
1.21083E+03,0.0517184074979478
1.21150E+03,0.0564148226995138
1.21217E+03,0.0695763235519634
1.21284E+03,0.0439608008515475
1.21350E+03,0.0696561561290672
1.21417E+03,0.0414611842283302
1.21484E+03,0.0446214943575958
1.21550E+03,0.0578518271286432
1.21617E+03,0.0597568263618896
1.21683E+03,0.0661847921195775
1.21750E+03,0.0391047250060889
1.21817E+03,0.0510026655962186
1.21883E+03,0.0536041341548121
1.21950E+03,0.0668482369178311
1.22017E+03,0.0776531928520527
1.22083E+03,0.0323408986351787
1.22150E+03,0.0975565367996608
1.22216E+03,0.0706774944297609
1.22283E+03,0.0717841453403935
1.22349E+03,0.0571250575065174
1.22416E+03,0.0630107255292855
1.22483E+03,0.0788315126694751
1.22549E+03,0.0945449994136591
1.22616E+03,0.0617856788475243
1.22682E+03,0.0265598924740882
1.22749E+03,0.0244980019304149
1.22815E+03,0.0466944126216657
1.22882E+03,0.0796160819794871
1.22948E+03,0.0371116393191228
1.23014E+03,0.0559605978873684
1.23081E+03,0.048770082177941
1.23147E+03,0.0606019466519931
1.23214E+03,0.0718970159755361
1.23280E+03,0.0403352742722607
1.23347E+03,0.036461973533471
1.23413E+03,0.069435939994768
1.23480E+03,0.045631804937893
1.23546E+03,0.0718915133911255
1.23612E+03,0.0856366760781908
1.23679E+03,0.0784075430509575
1.23745E+03,0.0453041982012863
1.23811E+03,0.0328254192337877
1.23878E+03,0.0342514004528356
1.23944E+03,0.0457308965604337
1.24010E+03,0.0679163471860144
1.24077E+03,0.0290897282084126
1.24143E+03,0.0566488178464148
1.24209E+03,0.060789147279829
1.24276E+03,0.0584519471030246
1.24342E+03,0.051476158474431
1.24408E+03,0.0752279964278305
1.24475E+03,0.0798995552829321
1.24541E+03,0.0637154622621937
1.24607E+03,0.0364151564628305
1.24673E+03,0.0768769676249583
1.24740E+03,0.0361178590436328
1.24806E+03,0.0422127154803034
1.24872E+03,0.064819361880621
1.24938E+03,0.0530728303129257
1.25004E+03,0.0510549626996942
1.25071E+03,0.100488467124313
1.25137E+03,0.109349883182839
1.25203E+03,0.069526777740693
1.25269E+03,0.110349143491164
1.25335E+03,0.12716923604283
1.25402E+03,0.106118016904661
1.25468E+03,0.114517125666399
1.25534E+03,0.131951072101897
1.25600E+03,0.133833903136473
1.25666E+03,0.180159349432151
1.25732E+03,0.168316615098731
1.25798E+03,0.183319727216143
1.25864E+03,0.186155136797857
1.25930E+03,0.186182649719909
1.25997E+03,0.252521491651407
1.26063E+03,0.243101247553154
1.26129E+03,0.29085217893322
1.26195E+03,0.31707966118513
1.26261E+03,0.389882912220248
1.26327E+03,0.473294424348485
1.26393E+03,0.507554777776775
1.26459E+03,0.54689149083955
1.26525E+03,0.653330416662908
1.26591E+03,0.686709003490984
1.26657E+03,0.782902748586016
1.26723E+03,0.84628620655439
1.26789E+03,0.89671378442498
1.26855E+03,0.950530864086165
1.26921E+03,0.974361113867415
1.26987E+03,0.972151059473015
1.27053E+03,0.987199725772843
1.27119E+03,1
1.27184E+03,0.891590066482045
1.27250E+03,0.886815897958631
1.27316E+03,0.85486708101428
1.27382E+03,0.769031274524838
1.27448E+03,0.727173295326412
1.27514E+03,0.683522465879466
1.27580E+03,0.645060753944271
1.27646E+03,0.60435290509395
1.27712E+03,0.576165690935169
1.27777E+03,0.516189776017753
1.27843E+03,0.48688851403159
1.27909E+03,0.431434189992513
1.27975E+03,0.424021487141092
1.28041E+03,0.341967579855129
1.28107E+03,0.294539361519796
1.28172E+03,0.297177895847804
1.28238E+03,0.286409518568967
1.28304E+03,0.257377747909469
1.28370E+03,0.233766248410114
1.28435E+03,0.207344146062044
1.28501E+03,0.230655484092119
1.28567E+03,0.162637451852386
1.28633E+03,0.168258657549816
1.28698E+03,0.172305537764868
1.28764E+03,0.137800950774421
1.28830E+03,0.119989716481593
1.28896E+03,0.133082484642377
1.28961E+03,0.114271990041224
1.29027E+03,0.126255446205472
1.29093E+03,0.112876273036434
1.29158E+03,0.114497731311509
1.29224E+03,0.103957124944749
1.29290E+03,0.114731816664712
1.29355E+03,0.100036984583743
1.29421E+03,0.0844473059887964
1.29487E+03,0.113636035613448
1.29552E+03,0.120507275138241
1.29618E+03,0.0698846486915576
1.29683E+03,0.0682081420208016
1.29749E+03,0.0267470705503486
1.29815E+03,0.0857631904164825
1.29880E+03,0.0696974480637217
1.29946E+03,0.0387661131006612
1.30011E+03,0.0899392911588804
1.30077E+03,0.0840729498362756
1.30142E+03,0.0761997663656783
1.30208E+03,0.0573012529655322
1.30273E+03,0.0494775702030544
1.30339E+03,0.0299568362845828
1.30404E+03,0.074179145205084
1.30470E+03,0.07243105983384
1.30535E+03,0.0728770397899997
1.30601E+03,0.0657140505335703
1.30666E+03,0.0385926914854272
1.30732E+03,0.0521423545648899
1.30797E+03,0.0486599628350037
1.30863E+03,0.0370868776892754
1.30928E+03,0.0595393389682203
1.30994E+03,0.0568277555770046
1.31059E+03,0.0578545784208485
1.31124E+03,0.0629226165239904
1.31190E+03,0.0462869958595307
1.31255E+03,0.0388624759825721
1.31321E+03,0.0752995751283185
1.31386E+03,0.0824652480222268
1.31451E+03,0.0516110619987912
1.31517E+03,0.0642990744833434
1.31582E+03,0.0587905590084523
1.31648E+03,0.0480102970493519
1.31713E+03,0.048979293143419
1.31778E+03,0.0807612509809935
1.31844E+03,0.026771877283347
1.31909E+03,0.0139736326979803
1.31974E+03,0.0529847370937334
1.32039E+03,0.0705838828400552
1.32105E+03,0.0835443409076558
1.32170E+03,0.0576040755207159
1.32235E+03,0.0701158925462533
1.32301E+03,0.0539372322000415
1.32366E+03,0.0488691738004817
1.32431E+03,0.051404579773943
1.32496E+03,0.0325253479708092
1.32562E+03,0.0558477295073834
1.32627E+03,0.076497063784876
1.32692E+03,0.0563570117358399
1.32757E+03,0.0409794374735019
1.32822E+03,0.0957589507202973
1.32888E+03,0.0532490144961527
1.32953E+03,0.0660140992449733
1.33018E+03,0.0809319664071732
1.33083E+03,0.0583225687146504
1.33148E+03,0.0441810395374221
1.33213E+03,0.0502401066238487
1.33279E+03,0.0617251278674328
1.33344E+03,0.0478478580513635
1.33409E+03,0.0541602154126487
1.33474E+03,0.0665701985440703
1.33539E+03,0.0544134808807743
1.33604E+03,0.0395204181964152
1.33669E+03,0.0353800842526859
1.33734E+03,0.0318976248680733
1.33799E+03,0.0694056532289346
1.33865E+03,0.0548539411133262
1.33930E+03,0.055916552405351
1.33995E+03,0.0547796136013062
1.34060E+03,0.0906192211587901
1.34125E+03,0.091690195477056
1.34190E+03,0.0671180214149761
1.34255E+03,0.0598394102311988
1.34320E+03,0.0553081650234085
1.34385E+03,0.0550989472924579
1.34450E+03,0.0596549608955682
1.34515E+03,0.037959533453007
1.34580E+03,0.0512449146197353
1.34645E+03,0.0507989572151511
1.34710E+03,0.0395176669042099
1.34775E+03,0.0566185355908964
1.34840E+03,0.0522497226156219
1.34904E+03,0.055789920798867
1.34969E+03,0.0512173791461071
1.35034E+03,0.0681145529826714
1.35099E+03,0.08918516647573
1.35164E+03,0.0458327620267552
1.35229E+03,0.0568883178328838
1.35294E+03,0.0719795998448452
1.35359E+03,0.0578050326095781
1.35424E+03,0.0569764200727063
1.35489E+03,0.0269177859765283
1.35553E+03,0.0238097278475874
1.35618E+03,0.0474019006467792
1.35683E+03,0.0488278818658272
1.35748E+03,0.0504548427253128
1.35813E+03,0.0623472807310319
1.35878E+03,0.0637595054890535
1.35942E+03,0.076155700587243
1.36007E+03,0.0672336433423239
1.36072E+03,0.0542785886322019
1.36137E+03,0.050350225966786
1.36201E+03,0.0555504185572404
1.36266E+03,0.050212593701796
1.36331E+03,0.0280712990609524
1.36396E+03,0.0614718511235195
1.36460E+03,0.0502593882208611
1.36525E+03,0.0751371361303301
1.36590E+03,0.0557926720910723
1.36655E+03,0.0455464697763786
1.36719E+03,0.0629859413478626
1.36784E+03,0.0797730409446404
1.36849E+03,0.0862945055341566
1.36913E+03,0.0282830583544566
1.36978E+03,0.0455409446403926
1.37043E+03,0.0528113064578692
1.37107E+03,0.0612488836970151
1.37172E+03,0.0786305781321883
1.37237E+03,0.0705535960742218
1.37301E+03,0.0666775440432269
1.37366E+03,0.0413786003590211
1.37431E+03,0.0256404647428669
1.37495E+03,0.0511127849391558
1.37560E+03,0.0553769879213762
1.37624E+03,0.0432588154108446
1.37689E+03,0.0793463651370685
1.37753E+03,0.0677869687976402
1.37818E+03,0.0806236863707299
1.37883E+03,0.0556027246813462
1.37947E+03,0.048770082177941
1.38012E+03,0.0841336135742443
1.38076E+03,0.0798280667887459
1.38141E+03,0.0740772797387626
1.38205E+03,0.091800247165267
1.38270E+03,0.0860881586187611
1.38334E+03,0.0673079507834417
1.38399E+03,0.0717758914637777
1.38463E+03,0.0827956286026142
1.38528E+03,0.0881886123564592
1.38592E+03,0.0882986640446702
1.38657E+03,0.0968711944216423
1.38721E+03,0.0898980217758013
1.38786E+03,0.0844033304166629
1.38850E+03,0.104058832550042
1.38914E+03,0.0915911940608171
1.38979E+03,0.091310201430672
1.39043E+03,0.0989303787762613
1.39108E+03,0.11287356684738
1.39172E+03,0.111607295885691
1.39236E+03,0.134698305023589
1.39301E+03,0.096235239993866
1.39365E+03,0.129718466132044
1.39430E+03,0.129382673173548
1.39494E+03,0.148900610696663
1.39558E+03,0.108438799534535
1.39623E+03,0.155595496901414
1.39687E+03,0.178741757399172
1.39751E+03,0.186446954184219
1.39816E+03,0.210619987912356
1.39880E+03,0.174138980849202
1.39944E+03,0.181414795637623
1.40008E+03,0.209331616406722
1.40073E+03,0.216618481467115
1.40137E+03,0.21748581505904
1.40201E+03,0.255004645624543
1.40266E+03,0.25633699270231
1.40330E+03,0.267483559901495
1.40394E+03,0.276496297031311
1.40458E+03,0.326328062278431
1.40522E+03,0.269165456398784
1.40587E+03,0.358367085524595
1.40651E+03,0.357593566486555
1.40715E+03,0.388624534309967
1.40779E+03,0.398684792119578
1.40843E+03,0.417328179546623
1.40908E+03,0.425487339545541
1.40972E+03,0.467367870319421
1.41036E+03,0.47937432909063
1.41100E+03,0.502552838341287
1.41164E+03,0.485932327232381
1.41228E+03,0.488712936485743
1.41293E+03,0.464325662790803
1.41357E+03,0.499709084676655
1.41421E+03,0.453009282228456
1.41485E+03,0.490771895324607
1.41549E+03,0.431571754602777
1.41613E+03,0.403725069233337
1.41677E+03,0.36359679587216
1.41741E+03,0.337687290834138
1.41805E+03,0.313018122446034
1.41869E+03,0.29287505525136
1.41933E+03,0.285590896380021
1.41997E+03,0.267494384657712
1.42061E+03,0.248951126225678
1.42125E+03,0.243503116627728
1.42190E+03,0.220359787834778
1.42254E+03,0.186402978612086
1.42318E+03,0.211655105225651
1.42382E+03,0.201284988769315
1.42446E+03,0.150901837502368
1.42509E+03,0.192426278899844
1.42573E+03,0.161010355683448
1.42637E+03,0.158252072489784
1.42701E+03,0.184035514221024
1.42765E+03,0.170260109871276
1.42829E+03,0.151204705160703
1.42893E+03,0.14333149913853
1.42957E+03,0.112463353689889
1.43021E+03,0.0906302714307621
1.43085E+03,0.0448059436932264
1.43149E+03,0.0672336433423239
1.43213E+03,0.0679273523548355
1.43277E+03,0.106888829753647
1.43340E+03,0.0570452249294136
1.43404E+03,0.0517982400750516
1.43468E+03,0.0491086940833687
1.43532E+03,0.0406656097494971
1.43596E+03,0.0617030949782152
1.43660E+03,0.0750490496766104
1.43724E+03,0.057895870355503
1.43787E+03,0.0431046528410475
1.43851E+03,0.060213788935295
1.43915E+03,0.0628483090828725
1.43979E+03,0.0486517089583878
1.44043E+03,0.0620224252866305
1.44106E+03,0.0481699622035595
1.44170E+03,0.0281096367392226
1.44234E+03,0.0413483135931876
1.44298E+03,0.0427550357667987
1.44361E+03,0.0688963710004781
1.44425E+03,0.0579151519525154
1.44489E+03,0.0513357523656603
1.44553E+03,0.066154505353744
1.44616E+03,0.0574609181197398
1.44680E+03,0.0645440747990655
1.44744E+03,0.0506227617561363
1.44807E+03,0.078930514085714
1.44871E+03,0.0638751274164013
1.44935E+03,0.0608111801690466
1.44998E+03,0.0471816619609046
1.45062E+03,0.0661682618147704
1.45126E+03,0.0574416365227275
1.45189E+03,0.0650918976699712
1.45253E+03,0.0428761602785571
1.45317E+03,0.0166218642034333
1.45380E+03,0.0643568741712296
1.45444E+03,0.0704985476785408
1.45507E+03,0.0546694983176525
1.45571E+03,0.0798968490938777
1.45635E+03,0.0822478508348593
1.45698E+03,0.0508952975454865
1.45762E+03,0.102093237233553
1.45825E+03,0.0783166602018817
1.45889E+03,0.0750765851502386
1.45952E+03,0.0434295082854488
1.46016E+03,0.0582482387219571
1.46079E+03,0.067101491110169
1.46143E+03,0.030182577554868
1.46206E+03,0.087310454008317
1.46270E+03,0.0673244810882488
1.46333E+03,0.0620031662411936
1.46397E+03,0.061537927239597
1.46460E+03,0.0852154126487277
1.46524E+03,0.0590548409211868
1.46587E+03,0.0762052689500889
1.46651E+03,0.056037679172267
1.46714E+03,0.0595586205652327
1.46778E+03,0.0238428786635034
1.46841E+03,0.0716905337506878
1.46905E+03,0.0564038107652201
1.46968E+03,0.0588208457742858
1.47031E+03,0.0683540507139829
1.47095E+03,0.0699947680344949
1.47158E+03,0.0585648177381672
1.47222E+03,0.0395864717609172
1.47285E+03,0.0503832640248248
1.47348E+03,0.0809182099461468
1.47412E+03,0.0465072119938299
1.47475E+03,0.0439277627935088
1.47539E+03,0.0432946047610886
1.47602E+03,0.0580252487438773
1.47665E+03,0.041541016805434
1.47729E+03,0.0422182406162894
1.47792E+03,0.068172375222133
1.47855E+03,0.0703526389853595
1.47918E+03,0.0674731410736354
1.47982E+03,0.0784790315451437
1.48045E+03,0.082506517405306
1.48108E+03,0.0609543150184472
1.48172E+03,0.0885740187809521
1.48235E+03,0.0597127605834544
1.48298E+03,0.0620967552793238
1.48361E+03,0.0596467070189523
1.48425E+03,0.0884391603597427
1.48488E+03,0.114530882127425
1.48551E+03,0.0683595532983934
1.48614E+03,0.115670413235069
1.48677E+03,0.131642792065454
1.48741E+03,0.099252415273731
1.48804E+03,0.116031238442318
1.48867E+03,0.0883922530828004
1.48930E+03,0.127967561813868
1.48993E+03,0.0931244756758707
1.49057E+03,0.0917837845151862
1.49120E+03,0.043313886358101
1.49183E+03,0.0979144303021009
1.49246E+03,0.0929812731717438
1.49309E+03,0.123015235844376
1.49372E+03,0.116746799931443
1.49435E+03,0.151413983780907
1.49499E+03,0.161621503378226
1.49562E+03,0.168225732249655
1.49625E+03,0.170777668527923
1.49688E+03,0.164088194701282
1.49751E+03,0.161015993577311
1.49814E+03,0.202152096845486
1.49877E+03,0.153649295939814
1.49940E+03,0.212951820814202
1.50003E+03,0.158260191056947
1.50066E+03,0.238996635304942
1.50129E+03,0.255244143355855
1.50192E+03,0.279502647554958
1.50255E+03,0.299820940490903
1.50318E+03,0.332773302542916
1.50381E+03,0.290525181089151
1.50444E+03,0.314810972694552
1.50507E+03,0.39829916017933
1.50570E+03,0.352233057001362
1.50633E+03,0.387704430031482
1.50696E+03,0.319551313854786
1.50759E+03,0.318723671035659
1.50822E+03,0.341243674283085
1.50885E+03,0.322954346590653
1.50948E+03,0.299701417141002
1.51011E+03,0.275780735542185
1.51074E+03,0.250286179492499
1.51137E+03,0.231563861551368
1.51200E+03,0.220632210866251
1.51262E+03,0.211401851033313
1.51325E+03,0.201271232308289
1.51388E+03,0.160371695066617
1.51451E+03,0.13695571772644
1.51514E+03,0.129220076314531
1.51577E+03,0.120595451798263
1.51640E+03,0.124380733738059
1.51702E+03,0.0971684241861137
1.51765E+03,0.088345345805858
1.51828E+03,0.10197213527337
1.51891E+03,0.0565221862399307
1.51954E+03,0.0915966064389258
1.52017E+03,0.0513577852548779
1.52079E+03,0.0910817539713324
1.52142E+03,0.0893227310859937
1.52205E+03,0.0714510360193763
1.52268E+03,0.0369134335224659
1.52330E+03,0.0544850555219788
1.52393E+03,0.071508858258838
1.52456E+03,0.0905862958586287
1.52519E+03,0.0685274948807924
1.52581E+03,0.0478506093435687
1.52644E+03,0.0313746538333168
1.52707E+03,0.0770586431168082
1.52770E+03,0.0312260389510811
1.52832E+03,0.0687697439043092
1.52895E+03,0.0466090774601514
1.52958E+03,0.0507686704493176
1.53020E+03,0.0709720405567533
1.53083E+03,0.0615572088366093
1.53146E+03,0.0358425719620773
1.53208E+03,0.0741213229656224
1.53271E+03,0.0451610633518858
1.53334E+03,0.0932097206310833
1.53396E+03,0.0565139255978423
1.53459E+03,0.0744819677602677
1.53521E+03,0.0497308243953923
1.53584E+03,0.0429697718682627
1.53647E+03,0.0857165086552947
1.53709E+03,0.0480956322108663
1.53772E+03,0.0455547236529944
1.53834E+03,0.0491004176551774
1.53897E+03,0.0105766888874857
1.53959E+03,0.0287512290608622
1.54022E+03,0.0578022813173728
1.54085E+03,0.0580748171067231
1.54147E+03,0.0493013972956151
1.54210E+03,0.08665803693046
1.54272E+03,0.046589795863139
1.54335E+03,0.0784350559730103
1.54397E+03,0.0590300567397638
1.54460E+03,0.0811137321053249
1.54522E+03,0.0647064912454784
1.54585E+03,0.072945844646707
1.54647E+03,0.0625124484696501
1.54710E+03,0.0467054177904868
1.54772E+03,0.0401811117024635
1.54835E+03,0.0553356937315641
1.54897E+03,0.0711895279504226
1.54959E+03,0.0389202756704583
1.55022E+03,0.0808658902910957
1.55084E+03,0.0590135489865322
1.55147E+03,0.0547630961508971
1.55209E+03,0.0731963700984151
1.55272E+03,0.0758584031680453
1.55334E+03,0.0925160341701471
1.55396E+03,0.0977987407200267
1.55459E+03,0.0995965523151447
1.55521E+03,0.102082412477336
1.55583E+03,0.117886556554841
1.55646E+03,0.0954754774168523
1.55708E+03,0.144677602677323
1.55770E+03,0.0995083756551233
1.55833E+03,0.119521771290942
1.55895E+03,0.164916739583427
1.55957E+03,0.112562580621882
1.56020E+03,0.156732547335757
1.56082E+03,0.168098992395609
1.56144E+03,0.18240864356784
1.56207E+03,0.157596949222873
1.56269E+03,0.193343000442011
1.56331E+03,0.197973289914033
1.56393E+03,0.189871636432521
1.56456E+03,0.190912166123925
1.56518E+03,0.190155109735966
1.56580E+03,0.203044011654654
1.56642E+03,0.173775449452899
1.56705E+03,0.167061168893259
1.56767E+03,0.138026692044706
1.56829E+03,0.145420902604256
1.56891E+03,0.167028243593097
1.56954E+03,0.140834588704367
1.57016E+03,0.100325870265297
1.57078E+03,0.114624471165556
1.57140E+03,0.097694326925679
1.57202E+03,0.0822368005628873
1.57264E+03,0.0866332301974616
1.57327E+03,0.0763731879809124
1.57389E+03,0.0861927979288633
1.57451E+03,0.0697470164265676
1.57513E+03,0.0763071118648349
1.57575E+03,0.0735184516990357
1.57637E+03,0.0973445519904021
1.57699E+03,0.0871232759320566
1.57761E+03,0.0973226769622126
1.57824E+03,0.0618572575480123
1.57886E+03,0.0481616857753683
1.57948E+03,0.0910763415932237
1.58010E+03,0.0591291709138801
1.58072E+03,0.0735294568678568
1.58134E+03,0.030094626410601
1.58196E+03,0.0698818973993523
1.58258E+03,0.0359334097080022
1.58320E+03,0.0355920465103692
1.58382E+03,0.0854357415409041
1.58444E+03,0.0546639926211245
1.58506E+03,0.0485966605627069
1.58568E+03,0.0540335838061647
1.58630E+03,0.0592475441334332
1.58692E+03,0.0636796729119496
1.58754E+03,0.0574058697240589
1.58816E+03,0.0541877441208043
1.58878E+03,0.0597485499336984
1.58940E+03,0.0721915621025285
1.59002E+03,0.0543143779824459
1.59064E+03,0.0649652705738023
1.59126E+03,0.0809265540290645
1.59188E+03,0.0937356233706487
1.59250E+03,0.0838857717600152
1.59312E+03,0.0618682852684089
1.59373E+03,0.0628593142516936
1.59435E+03,0.0678034765508719
1.59497E+03,0.0732046239750309
1.59559E+03,0.0708371595839685
1.59621E+03,0.0696011077333863
1.59683E+03,0.0542785886322019
1.59745E+03,0.0307332870274317
1.59807E+03,0.0341440324021036
1.59868E+03,0.0270801573197904
1.59930E+03,0.0450536953011537
1.59992E+03,0.0480020206211606
1.60054E+03,0.0717125666399055
1.60116E+03,0.057543501989049
1.60178E+03,0.0578160377783992
1.60239E+03,0.0723044327376711
1.60301E+03,0.0642522574127029
1.60363E+03,0.0794372479861443
1.60425E+03,0.0682466826632509
1.60486E+03,0.0806263925597842
1.60548E+03,0.067759433324012
1.60610E+03,0.0947046645678667
1.60672E+03,0.0980878519173349
1.60733E+03,0.133729489342125
1.60795E+03,0.0842463714515096
1.60857E+03,0.100733377233734
1.60919E+03,0.0570121868713748
1.60980E+03,0.115235618860334
1.61042E+03,0.10806421786626
1.61104E+03,0.0842107399622938
1.61165E+03,0.121704763794799
1.61227E+03,0.100119523349901
1.61289E+03,0.126800292268418
1.61350E+03,0.111205426811117
1.61412E+03,0.113432394887107
1.61474E+03,0.0955965793770353
1.61535E+03,0.133465184877816
1.61597E+03,0.111356747882407
1.61659E+03,0.123532794501024
1.61720E+03,0.151724970006405
1.61782E+03,0.147898418683529
1.61844E+03,0.155130257899817
1.61905E+03,0.149965947121066
1.61967E+03,0.129360572629604
1.62028E+03,0.15127078127678
1.62090E+03,0.111395311076432
1.62151E+03,0.154293368934754
1.62213E+03,0.156713152980867
1.62275E+03,0.112576337082909
1.62336E+03,0.132262058327395
1.62398E+03,0.152069107047818
1.62459E+03,0.131629035604427
1.62521E+03,0.107475170715426
1.62582E+03,0.110726431348494
1.62644E+03,0.125825838693091
1.62705E+03,0.120978152033701
1.62767E+03,0.108350622874514
1.62828E+03,0.124603543303535
1.62890E+03,0.0716272314783911
1.62951E+03,0.110896921258919
1.63013E+03,0.111274209116249
1.63074E+03,0.0912470570194034
1.63136E+03,0.0783250042847993
1.63197E+03,0.0846951478030255
1.63259E+03,0.0820523286756813
1.63320E+03,0.0826936954815663
1.63381E+03,0.075335341926987
1.63443E+03,0.043181734125946
1.63504E+03,0.0675336920537269
1.63566E+03,0.0817440486392379
1.63627E+03,0.112884617119352
1.63688E+03,0.0726595523963304
1.63750E+03,0.080031707515087
1.63811E+03,0.0975702932606872
1.63873E+03,0.0869331661509873
1.63934E+03,0.0684228781222656
1.63995E+03,0.076766848282021
1.64057E+03,0.0639329271042875
1.64118E+03,0.0899090720477733
1.64179E+03,0.0487067573540688
1.64241E+03,0.0583913961229332
1.64302E+03,0.0790462036677882
1.64363E+03,0.040654604580676
1.64424E+03,0.0337696536980073
1.64486E+03,0.0722741459718376
1.64547E+03,0.016365903822041
1.64608E+03,0.0569708949367203
1.64670E+03,0.040684868794934
1.64731E+03,0.056398305925652
1.64792E+03,0.0780221366264647
1.64853E+03,0.0755803647942845
1.64915E+03,0.079117917677729
1.64976E+03,0.0554953611409293
1.65037E+03,0.0557871672515042
1.65098E+03,0.0563102127064597
1.65160E+03,0.0293238135616154
1.65221E+03,0.0357241987425242
1.65282E+03,0.038295371514654
1.65343E+03,0.0907130357126749
1.65404E+03,0.0629639084586449
1.65465E+03,0.0731082836446954
1.65527E+03,0.0702920880052681
1.65588E+03,0.0894713459682293
1.65649E+03,0.0584794825766528
1.65710E+03,0.0923288560938867
1.65771E+03,0.0719465617868064
1.65832E+03,0.0666830466276374
1.65893E+03,0.0671758211028623
1.65955E+03,0.0500831927618463
1.66016E+03,0.0774247453927131
1.66077E+03,0.0698185951270556
1.66138E+03,0.0777799327060988
1.66199E+03,0.0721034756488088
1.66260E+03,0.046253957801492
1.66321E+03,0.0368693902956061
1.66382E+03,0.0625619942809205
1.66443E+03,0.0396608017536105
1.66504E+03,0.0537527896298835
1.66565E+03,0.0736037868605501
1.66626E+03,0.0701213951306638
1.66687E+03,0.0819781339924407
1.66748E+03,0.0458190055657288
1.66810E+03,0.0380696527959443
1.66871E+03,0.0457639346184724
1.66932E+03,0.0674483568922125
1.66993E+03,0.0591456786671117
1.67054E+03,0.033821950801483
1.67114E+03,0.0704104612248212
1.67175E+03,0.078027774520328
1.67236E+03,0.0432533128264341
1.67297E+03,0.0834701462244152
1.67358E+03,0.0632557258450075
1.67419E+03,0.0649239786391477
1.67480E+03,0.0651276870202152
1.67541E+03,0.0712087869958595
1.67602E+03,0.0887968283464283
1.67663E+03,0.0255468757047367
1.67724E+03,0.0349175965432945
1.67785E+03,0.0253540597346131
1.67846E+03,0.0475973551512309
1.67907E+03,0.0620692423572711
1.67967E+03,0.0946990266740034
1.68028E+03,0.054842929630064
1.68089E+03,0.0546805098009147
1.68150E+03,0.0446049866043642
1.68211E+03,0.0716409879394175
1.68272E+03,0.0584326880575877
1.68333E+03,0.0920259884355521
1.68393E+03,0.0618132143211525
1.68454E+03,0.0841554886024338
1.68515E+03,0.0525029835734324
1.68576E+03,0.0500666850086147
1.68637E+03,0.0397516620511109
1.68697E+03,0.0827902162245055
1.68758E+03,0.0641641709589832
1.68819E+03,0.0555917127470525
1.68880E+03,0.0774881153197362
1.68941E+03,0.0488912066896994
1.69001E+03,0.0557266027404675
1.69062E+03,0.0356829068078696
1.69123E+03,0.063657640022732
1.69184E+03,0.0520597706955808
1.69244E+03,0.0766649828156995
1.69305E+03,0.0134396113912518
1.69366E+03,0.0347882181549203
1.69426E+03,0.0767778534508421
1.69487E+03,0.0658929747332149
1.69548E+03,0.0631318500410439
1.69608E+03,0.0864266577663116
1.69669E+03,0.0791673056279712
1.69730E+03,0.0445939588839676
1.69791E+03,0.0309067086426658
1.69851E+03,0.0648028315758139
1.69912E+03,0.0434212318572576
1.69972E+03,0.0357131710221276
1.70033E+03,0.0642219931984448
1.70094E+03,0.0800069007820886
1.70154E+03,0.0782203649746971
1.70215E+03,0.0795003923974129
1.70276E+03,0.0469641971188107
1.70336E+03,0.0765768963619799
1.70397E+03,0.097292232335351
1.70457E+03,0.076976059247499
1.70518E+03,0.0403242465518641
1.70578E+03,0.0546529811153107
1.70639E+03,0.069328571944036
1.70700E+03,0.0722879249844394
1.70760E+03,0.061502137889353
1.70821E+03,0.0847776865691837
1.70881E+03,0.0719823511370504
1.70942E+03,0.0960645245676863
1.71002E+03,0.0793380210541509
1.71063E+03,0.0461603462117864
1.71123E+03,0.026292881820724
1.71184E+03,0.0602192915197056
1.71244E+03,0.0740827823231731
1.71305E+03,0.0718281885672533
1.71365E+03,0.0606762766446864
1.71426E+03,0.0884308162768251
1.71486E+03,0.0497803927582381
1.71547E+03,0.0915305303228484
1.71607E+03,0.0905560767475216
1.71668E+03,0.0444810882488251
1.71728E+03,0.0394598446647483
1.71788E+03,0.0926260858583581
1.71849E+03,0.0745370161559487
1.71909E+03,0.0106756903037246
1.71970E+03,0.0271022578637344
1.72030E+03,0.0495133595532984
1.72090E+03,0.0880537539352499
1.72151E+03,0.0729293368934754
1.72211E+03,0.0912993766744545
1.72272E+03,0.0793407272432052
1.72332E+03,0.0586006070884112
1.72392E+03,0.0607506066373797
1.72453E+03,0.041260227139468
1.72513E+03,0.0196336271051896
1.72573E+03,0.0723181891986974
1.72634E+03,0.0476606799751031
1.72694E+03,0.0860385451527644
1.72754E+03,0.0543997153991178
1.72815E+03,0.052764507428489
1.72875E+03,0.0621848642846189
1.72935E+03,0.0703719205823719
1.72996E+03,0.061537927239597
1.73056E+03,0.0483158483451654
1.73116E+03,0.0543804450778931
1.73176E+03,0.066765653048522
1.73237E+03,0.0813009101815853
1.73297E+03,0.0544630325554543
1.73357E+03,0.0479276906284673
1.73417E+03,0.0495188621377089
1.73478E+03,0.0586556554840921
1.73538E+03,0.0468265423022452
1.73598E+03,0.0667986685549853
1.73658E+03,0.0483296273577672
1.73718E+03,0.0583941474151384
1.73779E+03,0.0266313809682744
1.73839E+03,0.0749361790414678
1.73899E+03,0.0524314093832595
1.73959E+03,0.0819147640654176
1.74019E+03,0.0834426333023625
1.74080E+03,0.0744902216368836
1.74140E+03,0.0668950314368962
1.74200E+03,0.0438617092290067
1.74260E+03,0.0733808194340457
1.74320E+03,0.0654690276662728
1.74380E+03,0.0365748216170382
1.74440E+03,0.0501960633969889
1.74500E+03,0.0487122599384793
1.74561E+03,0.0404233607259803
1.74621E+03,0.0510714930045013
1.74681E+03,0.0633493148831377
1.74741E+03,0.0689679497009661
1.74801E+03,0.0363270700091108
1.74861E+03,0.046253957801492
1.74921E+03,0.0734799110565864
1.74981E+03,0.0846951478030255
1.75041E+03,0.0683265152403547
1.75101E+03,0.052891139034973
1.75161E+03,0.0780798686596246
1.75221E+03,0.0477074744941682
1.75281E+03,0.0494913266640808
1.75341E+03,0.0632474719683917
1.75401E+03,0.0448885275625355
1.75461E+03,0.0355672848805218
1.75521E+03,0.0501630478905256
1.75581E+03,0.0723347195035045
1.75641E+03,0.0808713026692045
1.75701E+03,0.059429219625283
1.75761E+03,0.0802849617074249
1.75821E+03,0.0712721118197317
1.75881E+03,0.0321592231433288
1.75941E+03,0.0795472996743553
1.76001E+03,0.0886042378920592
1.76061E+03,0.0930529871816845
1.76121E+03,0.0701076386696375
1.76181E+03,0.0694964909748595
1.76241E+03,0.0746443842066807
1.76301E+03,0.032558386028848
1.76361E+03,0.0704214663936423
1.76420E+03,0.0434597724997068
1.76480E+03,0.0529241748378542
1.76540E+03,0.0768329243980985
1.76600E+03,0.0843979180385542
1.76660E+03,0.0894878086183101
1.76720E+03,0.0378714469992874
1.76780E+03,0.0505291727180061
1.76839E+03,0.0527094500121779
1.76899E+03,0.0501602740467449
1.76959E+03,0.0477322361240156
1.77019E+03,0.0566983704231578
1.77079E+03,0.0474046519389845
1.77139E+03,0.0555944662944153
1.77198E+03,0.0624133342955339
1.77258E+03,0.0799491687489288
1.77318E+03,0.0712197921646806
1.77378E+03,0.0563872939913582
1.77437E+03,0.0587024725547327
1.77497E+03,0.0207650396456696
1.77557E+03,0.0837563257169146
1.77617E+03,0.0627491949087563
1.77676E+03,0.0540390886457328
1.77736E+03,0.0606157256645949
1.77796E+03,0.0549145047222999
1.77856E+03,0.018141614873215
1.77915E+03,0.0419154180611058
1.77975E+03,0.0548291652759862
1.78035E+03,0.0574278800617011
1.78095E+03,0.0743966100471779
1.78154E+03,0.0767173024707506
1.78214E+03,0.0764723021550286
1.78274E+03,0.0412574758472627
1.78333E+03,0.0849675708344985
1.78393E+03,0.0411556103809412
1.78453E+03,0.0527534954941952
1.78512E+03,0.0414611842283302
1.78572E+03,0.0341908494727442
1.78631E+03,0.053138897408373
1.78691E+03,0.0854411539190128
1.78751E+03,0.0912883264024825
1.78810E+03,0.0892704114309426
1.78870E+03,0.0625895297545487
1.78930E+03,0.0909606520111495
1.78989E+03,0.0807944017969095
1.79049E+03,0.0372713044733305
1.79108E+03,0.0565717365615162
1.79168E+03,0.0423999161081393
1.79227E+03,0.0086275562210776
1.79287E+03,0.0344055630226328
1.79347E+03,0.0661682618147704
1.79406E+03,0.0845327764597635
1.79466E+03,0.0567754494528988
1.79525E+03,0.0605689085939544
1.79585E+03,0.0674951514112776
1.79644E+03,0.0656507257096981
1.79704E+03,0.0566791001019331
1.79763E+03,0.0483241247733567
1.79823E+03,0.0586776883733098
1.79882E+03,0.0718171833984322
1.79942E+03,0.033821950801483
1.80001E+03,0.0397406343307143
1.80061E+03,0.0593411331715634
1.80120E+03,0.0815679208349495
1.80180E+03,0.0528581054872493
1.80239E+03,0.0728880449588208
1.80298E+03,0.0924885212480944
1.80358E+03,0.100381121625157
1.80417E+03,0.0450344362557168
1.80477E+03,0.0589419702860442
1.80536E+03,0.0456896046257792
1.80596E+03,0.0819533272594424
1.80655E+03,0.0602716111747567
1.80714E+03,0.0316141515646283
1.80774E+03,0.0541602154126487
1.80833E+03,0.037139174792751
1.80892E+03,0.0450509440089485
1.80952E+03,0.0671813236872728
1.81011E+03,0.0672171130375168
1.81071E+03,0.116427469623028
1.81130E+03,0.0868285268408851
1.81189E+03,0.0538573996229377
1.81249E+03,0.0765961779589922
1.81308E+03,0.0841225633022723
1.81367E+03,0.0950377513373084
1.81427E+03,0.0472147000189433
1.81486E+03,0.0873517233913961
1.81545E+03,0.0666059878943143
1.81604E+03,0.0500419008271918
1.81664E+03,0.0515257042857014
1.81723E+03,0.0788369250475838
1.81782E+03,0.104350649936405
1.81842E+03,0.0996515781592502
1.81901E+03,0.101388500500645
1.81960E+03,0.0496840298763272
1.82019E+03,0.0543639283040313
1.82079E+03,0.0496950575967237
1.82138E+03,0.0312756524170779
1.82197E+03,0.0334943666164518
1.82256E+03,0.0637980461315028
1.82315E+03,0.0718942646833308
1.82375E+03,0.0504548427253128
1.82434E+03,0.0693891454757029
1.82493E+03,0.0663389546893746
1.82552E+03,0.0519111107101942
1.82611E+03,0.060376205381708
1.82671E+03,0.0958002201033764
1.82730E+03,0.0610919698350127
1.82789E+03,0.074198404250521
1.82848E+03,0.0566460642990519
1.82907E+03,0.0688633329424394
1.82966E+03,0.0759024463949052
1.83025E+03,0.0886978269301894
1.83085E+03,0.102514500663016
1.83144E+03,0.0727035956231902
1.83203E+03,0.0611635485355007
1.83262E+03,0.0672226156219274
1.83321E+03,0.0694524477479997
1.83380E+03,0.0852237567316453
1.83439E+03,0.0803620880954744
1.83498E+03,0.0799106055549041
1.83557E+03,0.0805905355548139
1.83616E+03,0.0384330263312195
1.83675E+03,0.0976528320268454
1.83734E+03,0.0656589795863139
1.83793E+03,0.0549860789124728
1.83852E+03,0.0787104107092922
1.83912E+03,0.110219922963818
1.83971E+03,0.0762217767033205
1.84030E+03,0.0626445781502296
1.84089E+03,0.0582096980795078
1.84148E+03,0.0640430464472248
1.84207E+03,0.0733863220184562
1.84266E+03,0.080370432178392
1.84325E+03,0.068987208746403
1.84383E+03,0.0869331661509873
1.84442E+03,0.113462613998214
1.84501E+03,0.0746058435642314
1.84560E+03,0.0804171139395798
1.84619E+03,0.0830847397999224
1.84678E+03,0.0592723057632806
1.84737E+03,0.0454033123754025
1.84796E+03,0.0517376890949602
1.84855E+03,0.0565166791452051
1.84914E+03,0.0577114210198725
1.84973E+03,0.068299002318302
1.85032E+03,0.0592970899447035
1.85091E+03,0.0474927383927041
1.85150E+03,0.0451665659362963
1.85208E+03,0.0537582967246092
1.85267E+03,0.0314598987885294
1.85326E+03,0.0712996247417845
1.85385E+03,0.0548787176272134
1.85444E+03,0.0701461793120867
1.85503E+03,0.0602798650513725
1.85562E+03,0.0549282679487989
1.85620E+03,0.0835251720685207
1.85679E+03,0.0610479266081529
1.85738E+03,0.0736450787952046
1.85797E+03,0.100458022497452
1.85856E+03,0.0799189496378217
1.85914E+03,0.0716767772896615
1.85973E+03,0.0531829451455479
1.86032E+03,0.0127073617362909
1.86091E+03,0.0594044579954356
1.86150E+03,0.0834426333023625
1.86208E+03,0.0672336433423239
1.86267E+03,0.0579123781087347
1.86326E+03,0.0569461333068728
1.86385E+03,0.0751536664351372
1.86443E+03,0.0509751301225904
1.86502E+03,0.0556742988715192
1.86561E+03,0.0721089782332194
1.86620E+03,0.0690477822780699
1.86678E+03,0.082234094373833
1.86737E+03,0.0639714677467368
1.86796E+03,0.0494445321450157
1.86854E+03,0.0432725944234464
1.86913E+03,0.0839105784930135
1.86972E+03,0.0642385009516765
1.87030E+03,0.0397323804540985
1.87089E+03,0.0682411800788403
1.87148E+03,0.0628290274858602
1.87206E+03,0.0614938840127371
1.87265E+03,0.0573645552378289
1.87324E+03,0.0852841949538595
1.87382E+03,0.0464824503639824
1.87441E+03,0.0597623289463002
1.87500E+03,0.0476771877283347
1.87558E+03,0.0641338841931497
1.87617E+03,0.0295220419098478
1.87675E+03,0.0240163002787375
1.87734E+03,0.0601284537737806
1.87793E+03,0.0744957242212941
1.87851E+03,0.0547823664721217
1.87910E+03,0.0814301307089313
1.87968E+03,0.0559963849824549
1.88027E+03,0.0522166845575832
1.88085E+03,0.0645716102726937
1.88144E+03,0.0559633514347312
1.88203E+03,0.0436442218353374
1.88261E+03,0.0703526389853595
1.88320E+03,0.065496563139901
1.88378E+03,0.084783324463047
1.88437E+03,0.052891139034973
1.88495E+03,0.0568690475116592
1.88554E+03,0.0581546496838269
1.88612E+03,0.0589997699739304
1.88671E+03,0.0851245297996518
1.88729E+03,0.036283026782251
1.88788E+03,0.0990844060366057
1.88846E+03,0.09955798912112
1.88904E+03,0.0300285502945236
1.88963E+03,0.0364124051706252
1.89021E+03,0.0269288362485003
1.89080E+03,0.0608882389023697
1.89138E+03,0.0266672379732448
1.89197E+03,0.0760373273676899
1.89255E+03,0.0493068998800256
1.89314E+03,0.0639356783964928
1.89372E+03,0.0481093886718926
1.89430E+03,0.0596879989536069
1.89489E+03,0.0731908675140045
1.89547E+03,0.0806099299097035
1.89606E+03,0.0670629504677197
1.89664E+03,0.0556632869372254
1.89722E+03,0.0795664685134904
1.89781E+03,0.0526186032456227
1.89839E+03,0.0535325599646391
1.89897E+03,0.0568194949349162
1.89956E+03,0.060111946020549
1.90014E+03,0.0550631601973714
1.90072E+03,0.0481093886718926
1.90131E+03,0.0298826416013423
1.90189E+03,0.0554127750164627
1.90247E+03,0.066292137618734
1.90306E+03,0.0657360608712125
1.90364E+03,0.063586061322244
1.90422E+03,0.0384440315000406
1.90480E+03,0.0634484290572539
1.90539E+03,0.0616040033556744
1.90597E+03,0.0359444148768233
1.90655E+03,0.0667160846856761
1.90714E+03,0.0483158483451654
1.90772E+03,0.0460089349341945
1.90830E+03,0.0786003590210812
1.90888E+03,0.0542978589534265
1.90947E+03,0.0683733323109953
1.91005E+03,0.0400847488205526
1.91063E+03,0.0693313232362413
1.91121E+03,0.0766209395888397
1.91179E+03,0.0454803936603011
1.91238E+03,0.046380584897661
1.91296E+03,0.058542807400525
1.91354E+03,0.0511320439845928
1.91412E+03,0.0352919977989662
1.91470E+03,0.0536784618923478
1.91528E+03,0.0413290545477507
1.91587E+03,0.0647615396411593
1.91645E+03,0.0682714668446738
1.91703E+03,0.0751922070775864
1.91761E+03,0.0834949529574136
1.91819E+03,0.0506613023985856
1.91877E+03,0.0789663710906844
1.91935E+03,0.0599274966849184
1.91994E+03,0.0644752473907827
1.92052E+03,0.0605826876065562
1.92110E+03,0.0291916613294605
1.92168E+03,0.0315289066094157
1.92226E+03,0.0356801555156643
1.92284E+03,0.0350001804126036
1.92342E+03,0.0620692423572711
1.92400E+03,0.0791122797838657
1.92458E+03,0.0834453394914169
1.92516E+03,0.0561450404575264
1.92574E+03,0.0566901097810693
1.92632E+03,0.0562992030273235
1.92690E+03,0.0565304446268616
1.92748E+03,0.05680848525578
1.92807E+03,0.0697552703031834
1.92865E+03,0.0850611598726287
1.92923E+03,0.0604202711601433
1.92981E+03,0.0781626329415373
1.93039E+03,0.0725274227157509
1.93097E+03,0.0172000865980497
1.93155E+03,0.0328859702138791
1.93213E+03,0
1.93270E+03,0.0405582416987651
1.93328E+03,0.0560789711069215
1.93386E+03,0.0571443391035298
1.93444E+03,0.0655874008858259
1.93502E+03,0.0981566342224668
1.93560E+03,0.0682219210334034
1.93618E+03,0.110624498227446
1.93676E+03,0.0992909784677558
1.93734E+03,0.0475147712819218
1.93792E+03,0.0757207483514798
1.93850E+03,0.100006539956881
1.93908E+03,0.0391845575831928
1.93966E+03,0.0458190055657288
1.94024E+03,0.0446903217658786
1.94081E+03,0.0754922557889894
1.94139E+03,0.0681998881441858
1.94197E+03,0.067352016561877
1.94255E+03,0.0665178788890192
1.94313E+03,0.082724140108428
1.94371E+03,0.0480901296264557
1.94429E+03,0.0629694335946309
1.94486E+03,0.0412134326204029
1.94544E+03,0.056902090080013
1.94602E+03,0.0715914421281471
1.94660E+03,0.0725301740079562
1.94718E+03,0.0610754395302056
1.94776E+03,0.0527892825892817
1.94833E+03,0.0402251549293234
1.94891E+03,0.041541016805434
1.94949E+03,0.0655296011979397
1.95007E+03,0.0975317300666625
1.95064E+03,0.0404619013684296
1.95122E+03,0.0612075917623605
1.95180E+03,0.0623335017184301
1.95238E+03,0.0922269229728389
1.95295E+03,0.0562716743191679
1.95353E+03,0.0788479753195558
1.95411E+03,0.0754977809249754
1.95469E+03,0.0694469451635891
1.95526E+03,0.0832498173322389
1.95584E+03,0.0764199824999774
1.95642E+03,0.0942971575994299
1.95700E+03,0.0948120100670233
1.95757E+03,0.0889071055503938
1.95815E+03,0.0454583607710835
1.95873E+03,0.0304331255581515
1.95930E+03,0.0822807761350208
1.95988E+03,0.0345679794690457
1.96046E+03,0.0714317769739394
1.96103E+03,0.0414336713062775
1.96161E+03,0.0723347195035045
1.96219E+03,0.0497913979270592
1.96276E+03,0.072359481133352
1.96334E+03,0.0553549640527887
1.96391E+03,0.0854880611959552
1.96449E+03,0.0534995241617579
1.96507E+03,0.077108211479654
1.96564E+03,0.0645275444942584
1.96622E+03,0.0516138132909965
1.96679E+03,0.0443489585682456
1.96737E+03,0.044415034684323
1.96795E+03,0.0724530927230576
1.96852E+03,0.0513357523656603
1.96910E+03,0.0413896055278422
1.96967E+03,0.0324647744391423
1.97025E+03,0.0669555824169877
1.97082E+03,0.0740525181089151
1.97140E+03,0.0837536195278602
1.97198E+03,0.0595200799227834
1.97255E+03,0.0559275643396448
1.97313E+03,0.0279885347790397
1.97370E+03,0.0821432115247571
1.97428E+03,0.0351625968590166
1.97485E+03,0.063621850672488
1.97543E+03,0.0448417330434704
1.97600E+03,0.0591071380246624
1.97658E+03,0.0553384472789269
1.97715E+03,0.067137280460413
1.97773E+03,0.048949028929161
1.97830E+03,0.0620004149489883
1.97887E+03,0.0872360338093219
1.97945E+03,0.0765080689536971
1.98002E+03,0.0808961094022028
1.98060E+03,0.0669087878979225
